alter session set nls_date_format = 'yyyy-mm-dd';
alter session set nls_timestamp_format = 'YYYY-MM-DD HH24:MI:SS';

/**
  >===========================================================================================================<
  >================================================Felix======================================================<
*/

-- Lebensmittel

insert into LEBENSMITTEL values ('Salat', 0, 0, 0, 0, 0, 0, 0, 0, 0, 0, 0, 0, 0, 0, 0);
insert into LEBENSMITTEL values ('Kartoffeln', 0, 0, 0, 0, 0, 0, 0, 0, 0, 0, 0, 0, 0, 0, 0);
insert into LEBENSMITTEL values ('Schweinesteak', 0, 0, 0, 0, 0, 0, 0, 0, 0, 0, 0, 0, 0, 0, 0);
insert into LEBENSMITTEL values ('Frittierfett', 0, 0, 0, 0, 0, 0, 0, 0, 0, 0, 0, 0, 0, 0, 0);
insert into LEBENSMITTEL values ('Gemüsebrühe', 0, 0, 0, 0, 0, 0, 0, 0, 0, 0, 0, 0, 0, 0, 0);
insert into LEBENSMITTEL values ('Rinderbouillon', 0, 0, 0, 0, 0, 0, 0, 0, 0, 0, 0, 0, 0, 0, 0);
insert into LEBENSMITTEL values ('Parmesan', 0, 0, 0, 0, 0, 0, 0, 0, 0, 0, 0, 0, 0, 0, 0);
insert into LEBENSMITTEL values ('Spaghetti', 0, 0, 0, 0, 0, 0, 0, 0, 0, 0, 0, 0, 0, 0, 0);
insert into LEBENSMITTEL values ('Eier', 0, 0, 0, 0, 0, 0, 0, 0, 0, 0, 0, 0, 0, 0, 0);
insert into LEBENSMITTEL values ('Speck', 0, 0, 0, 0, 0, 0, 0, 0, 0, 0, 0, 0, 0, 0, 0);
insert into LEBENSMITTEL values ('Salz', 0, 0, 0, 0, 0, 0, 0, 0, 0, 0, 0, 0, 0, 0, 0);
insert into LEBENSMITTEL values ('Pfeffer', 0, 0, 0, 0, 0, 0, 0, 0, 0, 0, 0, 0, 0, 0, 0);
insert into LEBENSMITTEL values ('Mehl', 0, 0, 0, 0, 0, 0, 0, 0, 0, 0, 0, 0, 0, 0, 0);
insert into LEBENSMITTEL values ('Tagiatelle', 0, 0, 0, 0, 0, 0, 0, 0, 0, 0, 0, 0, 0, 0, 0);
insert into LEBENSMITTEL values ('Tortiglioni', 0, 0, 0, 0, 0, 0, 0, 0, 0, 0, 0, 0, 0, 0, 0);
insert into LEBENSMITTEL values ('Zwiebeln', 0, 0, 0, 0, 0, 0, 0, 0, 0, 0, 0, 0, 0, 0, 0);
insert into LEBENSMITTEL values ('Knoblauch', 0, 0, 0, 0, 0, 0, 0, 0, 0, 0, 0, 0, 0, 0, 0);
insert into LEBENSMITTEL values ('Milch', 0, 0, 0, 0, 0, 0, 0, 0, 0, 0, 0, 0, 0, 0, 0);
insert into LEBENSMITTEL values ('Sahne', 0, 0, 0, 0, 0, 0, 0, 0, 0, 0, 0, 0, 0, 0, 0);
insert into LEBENSMITTEL values ('Entrecote', 0, 0, 0, 0, 0, 0, 0, 0, 0, 0, 0, 0, 0, 0, 0);
insert into LEBENSMITTEL values ('Hackfleisch Rind', 0, 0, 0, 0, 0, 0, 0, 0, 0, 0, 0, 0, 0, 0, 0);
insert into LEBENSMITTEL values ('Hackfleisch Schwein', 0, 0, 0, 0, 0, 0, 0, 0, 0, 0, 0, 0, 0, 0, 0);
insert into LEBENSMITTEL values ('Semmelbrösel', 0, 0, 0, 0, 0, 0, 0, 0, 0, 0, 0, 0, 0, 0, 0);
insert into LEBENSMITTEL values ('Austern', 0, 0, 0, 0, 0, 0, 0, 0, 0, 0, 0, 0, 0, 0, 0);
insert into LEBENSMITTEL values ('Zitronengras', 0, 0, 0, 0, 0, 0, 0, 0, 0, 0, 0, 0, 0, 0, 0);
insert into LEBENSMITTEL values ('Galgant', 0, 0, 0, 0, 0, 0, 0, 0, 0, 0, 0, 0, 0, 0, 0);
insert into LEBENSMITTEL values ('Zitronen', 0, 0, 0, 0, 0, 0, 0, 0, 0, 0, 0, 0, 0, 0, 0);
insert into LEBENSMITTEL values ('Zimt gemahlen', 0, 0, 0, 0, 0, 0, 0, 0, 0, 0, 0, 0, 0, 0, 0);
insert into LEBENSMITTEL values ('Äpfel', 0, 0, 0, 0, 0, 0, 0, 0, 0, 0, 0, 0, 0, 0, 0);
insert into LEBENSMITTEL values ('Zucker', 0, 0, 0, 0, 0, 0, 0, 0, 0, 0, 0, 0, 0, 0, 0);
insert into LEBENSMITTEL values ('Karotten', 0, 0, 0, 0, 0, 0, 0, 0, 0, 0, 0, 0, 0, 0, 0);
insert into LEBENSMITTEL values ('Knollensellerie', 0, 0, 0, 0, 0, 0, 0, 0, 0, 0, 0, 0, 0, 0, 0);
insert into LEBENSMITTEL values ('Fleischknochen', 0, 0, 0, 0, 0, 0, 0, 0, 0, 0, 0, 0, 0, 0, 0);
insert into LEBENSMITTEL values ('Markknochen', 0, 0, 0, 0, 0, 0, 0, 0, 0, 0, 0, 0, 0, 0, 0);
insert into LEBENSMITTEL values ('Lauch', 0, 0, 0, 0, 0, 0, 0, 0, 0, 0, 0, 0, 0, 0, 0);
insert into LEBENSMITTEL values ('Tomaten', 0, 0, 0, 0, 0, 0, 0, 0, 0, 0, 0, 0, 0, 0, 0);
insert into LEBENSMITTEL values ('Kidney Bohnen', 0, 0, 0, 0, 0, 0, 0, 0, 0, 0, 0, 0, 0, 0, 0);
insert into LEBENSMITTEL values ('Mais', 0, 0, 0, 0, 0, 0, 0, 0, 0, 0, 0, 0, 0, 0, 0);
insert into LEBENSMITTEL values ('Olivenöl', 0, 0, 0, 0, 0, 0, 0, 0, 0, 0, 0, 0, 0, 0, 0);
insert into LEBENSMITTEL values ('Senf (mittelscharf)', 0, 0, 0, 0, 0, 0, 0, 0, 0, 0, 0, 0, 0, 0, 0);
insert into LEBENSMITTEL values ('Ketchup', 0, 0, 0, 0, 0, 0, 0, 0, 0, 0, 0, 0, 0, 0, 0);
insert into LEBENSMITTEL values ('Essig', 0, 0, 0, 0, 0, 0, 0, 0, 0, 0, 0, 0, 0, 0, 0);
insert into LEBENSMITTEL values ('Kopfsalat', 0, 0, 0, 0, 0, 0, 0, 0, 0, 0, 0, 0, 0, 0, 0);
insert into LEBENSMITTEL values ('Rotkohl', 0, 0, 0, 0, 0, 0, 0, 0, 0, 0, 0, 0, 0, 0, 0);
insert into LEBENSMITTEL values ('Weißkohl', 0, 0, 0, 0, 0, 0, 0, 0, 0, 0, 0, 0, 0, 0, 0);
insert into LEBENSMITTEL values ('Kümmel', 0, 0, 0, 0, 0, 0, 0, 0, 0, 0, 0, 0, 0, 0, 0);
insert into LEBENSMITTEL values ('Joghurt (natur)', 0, 0, 0, 0, 0, 0, 0, 0, 0, 0, 0, 0, 0, 0, 0);
insert into LEBENSMITTEL values ('Wasser', 0, 0, 0, 0, 0, 0, 0, 0, 0, 0, 0, 0, 0, 0, 0);
insert into LEBENSMITTEL values ('Butter', 0, 0, 0, 0, 0, 0, 0, 0, 0, 0, 0, 0, 0, 0, 0);
insert into LEBENSMITTEL values ('Weißbrot', 0, 0, 0, 0, 0, 0, 0, 0, 0, 0, 0, 0, 0, 0, 0);
insert into LEBENSMITTEL values ('Butterschmalz', 0, 0, 0, 0, 0, 0, 0, 0, 0, 0, 0, 0, 0, 0, 0);
insert into LEBENSMITTEL values ('Erdnussöl', 0, 0, 0, 0, 0, 0, 0, 0, 0, 0, 0, 0, 0, 0, 0);
insert into LEBENSMITTEL values ('Jasminreis', 0, 0, 0, 0, 0, 0, 0, 0, 0, 0, 0, 0, 0, 0, 0);
insert into LEBENSMITTEL values ('Putenbrustfilet', 0, 0, 0, 0, 0, 0, 0, 0, 0, 0, 0, 0, 0, 0, 0);
insert into LEBENSMITTEL values ('Schweinefilet', 0, 0, 0, 0, 0, 0, 0, 0, 0, 0, 0, 0, 0, 0, 0);
insert into LEBENSMITTEL values ('Rotwein', 0, 0, 0, 0, 0, 0, 0, 0, 0, 0, 0, 0, 0, 0, 0);
insert into LEBENSMITTEL values ('Weißwein', 0, 0, 0, 0, 0, 0, 0, 0, 0, 0, 0, 0, 0, 0, 0);
insert into LEBENSMITTEL values ('Garnelen', 0, 0, 0, 0, 0, 0, 0, 0, 0, 0, 0, 0, 0, 0, 0);
insert into LEBENSMITTEL values ('Peperoni', 0, 0, 0, 0, 0, 0, 0, 0, 0, 0, 0, 0, 0, 0, 0);
insert into LEBENSMITTEL values ('Champignon (weiß)', 0, 0, 0, 0, 0, 0, 0, 0, 0, 0, 0, 0, 0, 0, 0);
insert into LEBENSMITTEL values ('Champignon (braun)', 0, 0, 0, 0, 0, 0, 0, 0, 0, 0, 0, 0, 0, 0, 0);
insert into LEBENSMITTEL values ('Pfifferlinge', 0, 0, 0, 0, 0, 0, 0, 0, 0, 0, 0, 0, 0, 0, 0);
insert into LEBENSMITTEL values ('Kräuterseitlinge', 0, 0, 0, 0, 0, 0, 0, 0, 0, 0, 0, 0, 0, 0, 0);
insert into LEBENSMITTEL values ('Petersilie', 0, 0, 0, 0, 0, 0, 0, 0, 0, 0, 0, 0, 0, 0, 0);
insert into LEBENSMITTEL values ('Basilikum', 0, 0, 0, 0, 0, 0, 0, 0, 0, 0, 0, 0, 0, 0, 0);
insert into LEBENSMITTEL values ('Schnittlauch', 0, 0, 0, 0, 0, 0, 0, 0, 0, 0, 0, 0, 0, 0, 0);
insert into LEBENSMITTEL values ('Kroketten', 0, 0, 0, 0, 0, 0, 0, 0, 0, 0, 0, 0, 0, 0, 0);
insert into LEBENSMITTEL values ('Spargel', 0, 0, 0, 0, 0, 0, 0, 0, 0, 0, 0, 0, 0, 0, 0);
insert into LEBENSMITTEL values ('Kürbis', 0, 0, 0, 0, 0, 0, 0, 0, 0, 0, 0, 0, 0, 0, 0);
insert into LEBENSMITTEL values ('Emmentaler', 0, 0, 0, 0, 0, 0, 0, 0, 0, 0, 0, 0, 0, 0, 0);
insert into LEBENSMITTEL values ('Büffelmozarella', 0, 0, 0, 0, 0, 0, 0, 0, 0, 0, 0, 0, 0, 0, 0);
insert into LEBENSMITTEL values ('Balsamico', 0, 0, 0, 0, 0, 0, 0, 0, 0, 0, 0, 0, 0, 0, 0);
insert into LEBENSMITTEL values ('Mozarella (gerieben)', 0, 0, 0, 0, 0, 0, 0, 0, 0, 0, 0, 0, 0, 0, 0);
insert into LEBENSMITTEL values ('Kochschinken', 0, 0, 0, 0, 0, 0, 0, 0, 0, 0, 0, 0, 0, 0, 0);
insert into LEBENSMITTEL values ('Paprikapulver edelsüß', 0, 0, 0, 0, 0, 0, 0, 0, 0, 0, 0, 0, 0, 0, 0);
insert into LEBENSMITTEL values ('Paprikapulver rosenscharf', 0, 0, 0, 0, 0, 0, 0, 0, 0, 0, 0, 0, 0, 0, 0);
insert into LEBENSMITTEL values ('Oberschale vom Rind', 0, 0, 0, 0, 0, 0, 0, 0, 0, 0, 0, 0, 0, 0, 0);
insert into LEBENSMITTEL values ('Oliven (mariniert)', 0, 0, 0, 0, 0, 0, 0, 0, 0, 0, 0, 0, 0, 0, 0);
insert into LEBENSMITTEL values ('Vanilleeis', 0, 0, 0, 0, 0, 0, 0, 0, 0, 0, 0, 0, 0, 0, 0);
insert into LEBENSMITTEL values ('Jalapenos (geschnitten)', 0, 0, 0, 0, 0, 0, 0, 0, 0, 0, 0, 0, 0, 0, 0);
insert into LEBENSMITTEL values ('Chillischoten', 0, 0, 0, 0, 0, 0, 0, 0, 0, 0, 0, 0, 0, 0, 0);
insert into LEBENSMITTEL values ('Paprika', 0, 0, 0, 0, 0, 0, 0, 0, 0, 0, 0, 0, 0, 0, 0);
insert into LEBENSMITTEL values ('Bier', 0, 0, 0, 0, 0, 0, 0, 0, 0, 0, 0, 0, 0, 0, 0);
insert into LEBENSMITTEL values ('Sprudel', 0, 0, 0, 0, 0, 0, 0, 0, 0, 0, 0, 0, 0, 0, 0);
insert into LEBENSMITTEL values ('Kokosnussmilch', 0, 0, 0, 0, 0, 0, 0, 0, 0, 0, 0, 0, 0, 0, 0);
insert into LEBENSMITTEL values ('Fischsauce', 0, 0, 0, 0, 0, 0, 0, 0, 0, 0, 0, 0, 0, 0, 0);
insert into LEBENSMITTEL values ('Himbeeren TK', 0, 0, 0, 0, 0, 0, 0, 0, 0, 0, 0, 0, 0, 0, 0);
insert into LEBENSMITTEL values ('Baguette', 0, 0, 0, 0, 0, 0, 0, 0, 0, 0, 0, 0, 0, 0, 0);


-- Einkaufspreise
insert into EINKAUFSPREIS values (10.0, 'GRAMM', 500, '2020-02-01', 'Salat');
insert into EINKAUFSPREIS values (30.0, 'GRAMM', 1000, '2020-02-03', 'Schweinesteak');
insert into EINKAUFSPREIS values (10.0, 'GRAMM', 1000, '2020-06-11', 'Frittierfett');
insert into EINKAUFSPREIS values (7.0, 'ML', 1000, '2020-04-13', 'Gemüsebrühe');
insert into EINKAUFSPREIS values (10.0, 'GRAMM', 1000, '2020-05-19', 'Rinderbouillon');
insert into EINKAUFSPREIS values (5.19, 'GRAMM', 250, '2020-02-13', 'Parmesan');
insert into EINKAUFSPREIS values (3.10, 'GRAMM', 1000, '2020-02-13', 'Spaghetti');
insert into EINKAUFSPREIS values (0.33, 'STK', 1, '2020-02-13', 'Eier');
insert into EINKAUFSPREIS values (39.89, 'GRAMM', 1000, '2020-02-13', 'Speck');
insert into EINKAUFSPREIS values (6.99, 'GRAMM', 25000, '2020-02-13', 'Salz');
insert into EINKAUFSPREIS values (5.95, 'GRAMM', 1000, '2020-02-13', 'Pfeffer');
insert into EINKAUFSPREIS values (0.30, 'GRAMM', 1000, '2020-02-13', 'Mehl');
insert into EINKAUFSPREIS values (3.50, 'GRAMM', 500, '2020-02-13', 'Tagiatelle');
insert into EINKAUFSPREIS values (3.99, 'GRAMM', 500, '2020-02-13', 'Tortiglioni');
insert into EINKAUFSPREIS values (1.50, 'GRAMM', 1000, '2020-02-13', 'Zwiebeln');
insert into EINKAUFSPREIS values (1.39, 'GRAMM', 200, '2020-02-13', 'Knoblauch');
insert into EINKAUFSPREIS values (9.00, 'GRAMM', 5000, '2020-02-13', 'Kartoffeln');
insert into EINKAUFSPREIS values (0.35, 'ML', 1000, '2020-02-13', 'Milch');
insert into EINKAUFSPREIS values (0.65, 'ML', 200, '2020-02-13', 'Sahne');
insert into EINKAUFSPREIS values (51.79, 'GRAMM', 1000, '2020-02-13', 'Entrecote');
insert into EINKAUFSPREIS values (7.12, 'GRAMM', 1000, '2020-02-13', 'Hackfleisch Rind');
insert into EINKAUFSPREIS values (20.49, 'GRAMM', 2000, '2020-02-13', 'Hackfleisch Schwein');
insert into EINKAUFSPREIS values (0.85, 'GRAMM', 1000, '2020-02-13', 'Semmelbrösel');
insert into EINKAUFSPREIS values (52.50, 'STK', 24, '2020-02-13', 'Austern');
insert into EINKAUFSPREIS values (2.80, 'GRAMM', 200, '2020-02-13', 'Zitronengras');
insert into EINKAUFSPREIS values (2.88, 'GRAMM', 100, '2020-02-13', 'Galgant');
insert into EINKAUFSPREIS values (4.95, 'GRAMM', 1000, '2020-02-13', 'Zitronen');
insert into EINKAUFSPREIS values (7.95, 'GRAMM', 1000, '2020-02-13', 'Zimt gemahlen');
insert into EINKAUFSPREIS values (1.99, 'GRAMM', 1000, '2020-02-13', 'Äpfel');
insert into EINKAUFSPREIS values (0.78, 'GRAMM', 1000, '2020-02-13', 'Zucker');
insert into EINKAUFSPREIS values (1.03, 'GRAMM', 1000, '2020-02-13', 'Karotten');
insert into EINKAUFSPREIS values (3.30, 'STK', 1, '2020-02-13', 'Knollensellerie');
insert into EINKAUFSPREIS values (8.45, 'GRAMM', 1000, '2020-02-13', 'Markknochen');
insert into EINKAUFSPREIS values (4.50, 'GRAMM', 1000, '2020-02-13', 'Fleischknochen');
insert into EINKAUFSPREIS values (1.99, 'GRAMM', 1000, '2020-02-13', 'Lauch');
insert into EINKAUFSPREIS values (4.40, 'GRAMM', 1000, '2020-02-13', 'Tomaten');
insert into EINKAUFSPREIS values (0.49, 'GRAMM', 425, '2020-02-13', 'Kidney Bohnen');
insert into EINKAUFSPREIS values (1.29, 'GRAMM', 212, '2020-02-13', 'Mais');
insert into EINKAUFSPREIS values (37.90, 'ML', 1000, '2020-02-13', 'Olivenöl');
insert into EINKAUFSPREIS values (7.88, 'GRAMM', 5000, '2020-02-13', 'Senf (mittelscharf)');
insert into EINKAUFSPREIS values (2.84, 'GRAMM', 1000, '2020-02-13', 'Ketchup');
insert into EINKAUFSPREIS values (3.49, 'ML', 2000, '2020-02-13', 'Essig');
insert into EINKAUFSPREIS values (0.89, 'STK', 1, '2020-02-13', 'Kopfsalat');
insert into EINKAUFSPREIS values (3.51, 'STK', 1, '2020-02-13', 'Rotkohl');
insert into EINKAUFSPREIS values (2.43, 'STK', 1, '2020-02-13', 'Weißkohl');
insert into EINKAUFSPREIS values (12.95, 'GRAMM', 1000, '2020-02-13', 'Kümmel');
insert into EINKAUFSPREIS values (2.05, 'GRAMM', 1000, '2020-02-13', 'Joghurt (natur)');
insert into EINKAUFSPREIS values (0.01, 'ML', 5000, '2020-02-13', 'Wasser');
insert into EINKAUFSPREIS values (7.96, 'GRAMM', 1000, '2020-02-13', 'Butter');
insert into EINKAUFSPREIS values (2.43, 'GRAMM', 1000, '2020-02-13', 'Weißbrot');
insert into EINKAUFSPREIS values (17.90, 'GRAMM', 420, '2020-02-13', 'Butterschmalz');
insert into EINKAUFSPREIS values (5.50, 'ML', 1000, '2020-02-13', 'Erdnussöl');
insert into EINKAUFSPREIS values (2.78, 'GRAMM', 500, '2020-02-13', 'Jasminreis');
insert into EINKAUFSPREIS values (22.79, 'GRAMM', 1500, '2020-02-13', 'Putenbrustfilet');
insert into EINKAUFSPREIS values (10.79, 'GRAMM', 500, '2020-02-13', 'Schweinefilet');
insert into EINKAUFSPREIS values (5.20, 'ML', 1000, '2020-02-13', 'Rotwein');
insert into EINKAUFSPREIS values (5.20, 'ML', 1000, '2020-02-13', 'Weißwein');
insert into EINKAUFSPREIS values (3.74, 'GRAMM', 100, '2020-02-13', 'Garnelen');
insert into EINKAUFSPREIS values (1.29, 'GRAMM', 125, '2020-02-13', 'Peperoni');
insert into EINKAUFSPREIS values (1.37, 'GRAMM', 250, '2020-02-13', 'Champignon (weiß)');
insert into EINKAUFSPREIS values (1.37, 'GRAMM', 250, '2020-02-13', 'Champignon (braun)');
insert into EINKAUFSPREIS values (13.45, 'GRAMM', 1000, '2020-02-13', 'Pfifferlinge');
insert into EINKAUFSPREIS values (17.11, 'GRAMM', 2000, '2020-02-13', 'Kräuterseitlinge');
insert into EINKAUFSPREIS values (2.00, 'GRAMM', 40, '2020-02-13', 'Petersilie');
insert into EINKAUFSPREIS values (19.99, 'GRAMM', 1000, '2020-02-13', 'Basilikum');
insert into EINKAUFSPREIS values (3.30, 'GRAMM', 100, '2020-02-13', 'Schnittlauch');
insert into EINKAUFSPREIS values (2.05, 'GRAMM', 1000, '2020-02-13', 'Kroketten');
insert into EINKAUFSPREIS values (10.00, 'GRAMM', 1000, '2020-02-13', 'Spargel');
insert into EINKAUFSPREIS values (4.90, 'STK', 1, '2020-02-13', 'Kürbis');
insert into EINKAUFSPREIS values (5.85, 'GRAMM', 1000, '2020-02-13', 'Emmentaler');
insert into EINKAUFSPREIS values (7.00, 'STK', 1, '2020-02-13', 'Büffelmozarella');
insert into EINKAUFSPREIS values (7.00, 'ML', 100, '2020-02-13', 'Balsamico');
insert into EINKAUFSPREIS values (1.85, 'GRAMM', 100, '2020-02-13', 'Mozarella (gerieben)');
insert into EINKAUFSPREIS values (38.29, 'GRAMM', 2000, '2020-02-13', 'Kochschinken');
insert into EINKAUFSPREIS values (4.74, 'GRAMM', 100, '2020-02-13', 'Paprikapulver edelsüß');
insert into EINKAUFSPREIS values (3.98, 'GRAMM', 100, '2020-02-13', 'Paprikapulver rosenscharf');
insert into EINKAUFSPREIS values (43.89, 'GRAMM', 3000, '2020-02-13', 'Oberschale vom Rind');
insert into EINKAUFSPREIS values (2.93, 'GRAMM', 250, '2020-02-13', 'Oliven (mariniert)');
insert into EINKAUFSPREIS values (2.05, 'GRAMM', 1000, '2020-02-13', 'Vanilleeis');
insert into EINKAUFSPREIS values (7.10, 'GRAMM', 1000, '2020-02-13', 'Jalapenos (geschnitten)');
insert into EINKAUFSPREIS values (2.99, 'GRAMM', 100, '2020-02-13', 'Chillischoten');
insert into EINKAUFSPREIS values (2.98, 'GRAMM', 1000, '2020-02-13', 'Paprika');
insert into EINKAUFSPREIS values (69.50, 'ML', 50000, '2020-02-13', 'Bier');
insert into EINKAUFSPREIS values (0.70, 'ML', 1000, '2020-02-13', 'Sprudel');
insert into EINKAUFSPREIS values (5.30, 'ML', 1000, '2020-02-13', 'Kokosnussmilch');
insert into EINKAUFSPREIS values (15.20, 'ML', 1000, '2020-02-13', 'Fischsauce');
insert into EINKAUFSPREIS values (0.45, 'GRAMM', 100, '2020-02-13', 'Himbeeren TK');
insert into EINKAUFSPREIS values (0.30, 'GRAMM', 200, '2020-02-13', 'Baguette');


-- Komponente
-- name, grundmenge, einheit, langtext, kategorie
insert into KOMPONENTE values ('Pommes', 1000, 'GRAMM', 'Pommes machen', 'ENTREMETIER');
insert into KOMPONENTE values ('Schnitzel', 400, 'GRAMM', 'Schnitzel machen', 'ROTISSEUR');

insert into KOMPONENTE values ('Blattsalat', 220, 'GRAMM', '', 'GARDEMANGER');
insert into KOMPONENTE values ('Krautsalat', 220, 'GRAMM', '', 'GARDEMANGER');
insert into KOMPONENTE values ('Kartoffelsalat', 220, 'GRAMM', '', 'GARDEMANGER');
insert into KOMPONENTE values ('Tagiatelle gekocht', 2250, 'GRAMM', '', 'ENTREMETIER');
--insert into KOMPONENTE values ('Käsespätzle', 400, 'GRAMM', '', 'ENTREMETIER');
insert into KOMPONENTE values ('Tomatensoße', 2500, 'ML', '', 'SAUCIER');
insert into KOMPONENTE values ('Bolognese', 3000, 'ML', '', 'SAUCIER');
insert into KOMPONENTE values ('Bolognese scharf', 3200, 'ML', '', 'SAUCIER');
--insert into KOMPONENTE values ('Garnelen aglio olio', 0, 'GRAMM', '', 'POISSONNIER');
insert into KOMPONENTE values ('Baguette ofenfrisch', 200, 'GRAMM', '', 'ENTREMETIER');
insert into KOMPONENTE values ('Apfelküchle', 4, 'STK', '', 'PATISSIER');
insert into KOMPONENTE values ('Kugel Vanilleeis', 1, 'STK', '', 'PATISSIER');
insert into KOMPONENTE values ('Heiße Himbeeren', 200, 'GRAMM', '', 'PATISSIER');
insert into KOMPONENTE values ('Spargel püriert', 1000, 'ML', '', 'POTAGER');
insert into KOMPONENTE values ('Spargel gekocht', 200, 'GRAMM', '', 'POTAGER');
insert into KOMPONENTE values ('Kürbis püriert', 1000, 'ML', '', 'POTAGER');
insert into KOMPONENTE values ('Kürbis gestückelt', 200, 'GRAMM', '', 'POTAGER');
insert into KOMPONENTE values ('Zwiebeln gewürfelt', 200, 'GRAMM', '', 'GARDEMANGER');
insert into KOMPONENTE values ('Knoblauch gewürfelt', 200, 'GRAMM', '', 'GARDEMANGER');
insert into KOMPONENTE values ('Zitronensaft', 100, 'ML', '', 'GARDEMANGER');
insert into KOMPONENTE values ('Zitronenschale', 5, 'GRAMM', '', 'GARDEMANGER');
insert into KOMPONENTE values ('Galgant gerieben', 50, 'GRAMM', '', 'GARDEMANGER');
insert into KOMPONENTE values ('Fleischbrühe mit Kartoffeln', 10000, 'ML', '', 'POTAGER');
insert into KOMPONENTE values ('Fleischbrühe', 10000, 'GRAMM', '', 'POTAGER');
insert into KOMPONENTE values ('Tomaten-Mozarella', 200, 'GRAMM', '', 'GARDEMANGER');
insert into KOMPONENTE values ('geöffnete Austern', 6, 'STK', '', 'POISSONNIER');
insert into KOMPONENTE values ('Gulasch gebraten', 2000, 'GRAMM', '', 'ROTISSEUR');
insert into KOMPONENTE values ('Geschnetzeltes gebraten', 1500, 'GRAMM', '', 'ROTISSEUR');
insert into KOMPONENTE values ('Tortiglioni gekocht', 2200, 'GRAMM', '', 'ENTREMETIER');
insert into KOMPONENTE values ('Schweinemedaillons gebraten', 12, 'STK', '', 'ROTISSEUR');
insert into KOMPONENTE values ('Kartoffeln gekocht/geschält', 5000, 'GRAMM', '', 'ENTREMETIER');
insert into KOMPONENTE values ('Flädle', 10, 'STK', '', 'ENTREMETIER');
insert into KOMPONENTE values ('Rostbraten gebraten', 1, 'STK', '', 'ROTISSEUR');
insert into KOMPONENTE values ('Spaghetti gekocht', 2300, 'GRAMM', '', 'ENTREMETIER');
insert into KOMPONENTE values ('Spätzle', 2000, 'GRAMM', '', 'ENTREMETIER');
insert into KOMPONENTE values ('Fleischküchle gebraten', 10, 'STK', '', 'ROTISSEUR');
--insert into KOMPONENTE values ('Brühe', 400, 'GRAMM', '', 'POTAGER');
insert into KOMPONENTE values ('Bohnen/Mais-Mischung', 600, 'GRAMM', '', 'GARDEMANGER');
insert into KOMPONENTE values ('Röstzwiebeln', 350, 'GRAMM', '', 'ROTISSEUR');
insert into KOMPONENTE values ('Bratensoße', 2000, 'ML', '', 'SAUCIER');
insert into KOMPONENTE values ('Salatdressing (standard)', 200, 'ML', '', 'GARDEMANGER');
insert into KOMPONENTE values ('Salatdressing (joghurt)', 200, 'ML', '', 'GARDEMANGER');
insert into KOMPONENTE values ('Jasminreis gekocht', 2000, 'GRAMM', '', 'ENTREMETIER');
insert into KOMPONENTE values ('Weißweinsoße', 2500, 'ML', '', 'SAUCIER');
insert into KOMPONENTE values ('Rahmsoße', 2000, 'ML', '', 'SAUCIER');
insert into KOMPONENTE values ('Pilzrahmsoße', 2000, 'ML', '', 'SAUCIER');
insert into KOMPONENTE values ('Kroketten frittiert', 50, 'STK', '', 'ENTREMETIER');
insert into KOMPONENTE values ('Thai Curry Soße', 2300, 'ML', '', 'SAUCIER');
insert into KOMPONENTE values ('Agio Olio', 350, 'ML', '', 'SAUCIER');
insert into KOMPONENTE values ('Garnelen eingelegt', 600, 'GRAMM', '', 'POISSONNIER');
insert into KOMPONENTE values ('Carbonara Soße', 800, 'ML', '', 'SAUCIER');
insert into KOMPONENTE values ('Käsesoße', 1000, 'ML', '', 'POISSONNIER');
insert into KOMPONENTE values ('Zitronenscheibe', 14, 'STK', '', 'GARDEMANGER');
insert into KOMPONENTE values ('1/4 Weißwein', 250, 'ML', '', 'SERVICE');
insert into KOMPONENTE values ('1/4 Rotwein', 250, 'ML', '', 'SERVICE');
insert into KOMPONENTE values ('Glas Bier', 500, 'ML', '', 'SERVICE');
insert into KOMPONENTE values ('Glas Sprudel', 200, 'ML', '', 'SERVICE');
insert into KOMPONENTE values ('Apfelrotkraut', 400, 'GRAMM', '', 'GARDEMANGER');
insert into KOMPONENTE values ('Semmelknödel', 3, 'STK', '', 'GARDEMANGER');
insert into KOMPONENTE values ('Tomaten püriert', 900, 'GRAMM', '', 'GARDEMANGER');
insert into KOMPONENTE values ('Pilzzubereitung', 450, 'GRAMM', '', 'SAUCIER');

-- LebensMittelMenge
-- lebensmittel_name, komponente_name, menge, einheit
insert into LEBENSMITTELMENGE values ('Kartoffeln', 'Pommes', 1000, 'GRAMM');
insert into LEBENSMITTELMENGE values ('Schweinesteak', 'Schnitzel', 400, 'GRAMM');
insert into LEBENSMITTELMENGE values ('Frittierfett', 'Pommes', 200, 'GRAMM');

-- Blattsalat
insert into LEBENSMITTELMENGE values ('Kopfsalat', 'Blattsalat', 0.5, 'STK');
insert into LEBENSMITTELMENGE values ('Senf (mittelscharf)', 'Blattsalat', 8, 'GRAMM');
insert into LEBENSMITTELMENGE values ('Zucker', 'Blattsalat', 15, 'GRAMM');
insert into LEBENSMITTELMENGE values ('Wasser', 'Blattsalat', 50, 'ML');
insert into LEBENSMITTELMENGE values ('Essig', 'Blattsalat', 60, 'ML');
insert into LEBENSMITTELMENGE values ('Salz', 'Blattsalat', 6, 'GRAMM');
insert into LEBENSMITTELMENGE values ('Olivenöl', 'Blattsalat', 80, 'ML');
-- Krautsalat
insert into LEBENSMITTELMENGE values ('Weißkohl', 'Krautsalat', 0.5, 'STK');
insert into LEBENSMITTELMENGE values ('Senf (mittelscharf)', 'Krautsalat', 8, 'GRAMM');
insert into LEBENSMITTELMENGE values ('Zucker', 'Krautsalat', 15, 'GRAMM');
insert into LEBENSMITTELMENGE values ('Wasser', 'Krautsalat', 50, 'ML');
insert into LEBENSMITTELMENGE values ('Essig', 'Krautsalat', 60, 'ML');
insert into LEBENSMITTELMENGE values ('Salz', 'Krautsalat', 6, 'GRAMM');
insert into LEBENSMITTELMENGE values ('Olivenöl', 'Krautsalat', 80, 'ML');
insert into LEBENSMITTELMENGE values ('Kümmel', 'Krautsalat', 10, 'GRAMM');
-- Kartoffelsalat
insert into LEBENSMITTELMENGE values ('Kartoffeln', 'Kartoffelsalat', 200, 'GRAMM');
insert into LEBENSMITTELMENGE values ('Senf (mittelscharf)', 'Kartoffelsalat', 16, 'GRAMM');
insert into LEBENSMITTELMENGE values ('Zwiebeln', 'Kartoffelsalat', 50, 'GRAMM');
insert into LEBENSMITTELMENGE values ('Salz', 'Kartoffelsalat', 10, 'GRAMM');
insert into LEBENSMITTELMENGE values ('Pfeffer', 'Kartoffelsalat', 6, 'GRAMM');
-- Salatdressing (standard)
insert into LEBENSMITTELMENGE values ('Senf (mittelscharf)', 'Salatdressing (standard)', 8, 'GRAMM');
insert into LEBENSMITTELMENGE values ('Zucker', 'Salatdressing (standard)', 15, 'GRAMM');
insert into LEBENSMITTELMENGE values ('Wasser', 'Salatdressing (standard)', 50, 'ML');
insert into LEBENSMITTELMENGE values ('Essig', 'Salatdressing (standard)', 60, 'ML');
insert into LEBENSMITTELMENGE values ('Salz', 'Salatdressing (standard)', 6, 'GRAMM');
insert into LEBENSMITTELMENGE values ('Olivenöl', 'Salatdressing (standard)', 80, 'ML');
-- Salatdressing (joghurt)
insert into LEBENSMITTELMENGE values ('Senf (mittelscharf)', 'Salatdressing (joghurt)', 8, 'GRAMM');
insert into LEBENSMITTELMENGE values ('Zucker', 'Salatdressing (joghurt)', 15, 'GRAMM');
insert into LEBENSMITTELMENGE values ('Wasser', 'Salatdressing (joghurt)', 50, 'ML');
insert into LEBENSMITTELMENGE values ('Essig', 'Salatdressing (joghurt)', 60, 'ML');
insert into LEBENSMITTELMENGE values ('Salz', 'Salatdressing (joghurt)', 6, 'GRAMM');
insert into LEBENSMITTELMENGE values ('Olivenöl', 'Salatdressing (joghurt)', 80, 'ML');
insert into LEBENSMITTELMENGE values ('Joghurt (natur)', 'Salatdressing (joghurt)', 20, 'GRAMM');
-- Tagiatelle gekocht
insert into LEBENSMITTELMENGE values ('Wasser', 'Tagiatelle gekocht', 8000, 'ML');
insert into LEBENSMITTELMENGE values ('Salz', 'Tagiatelle gekocht', 40, 'GRAMM');
insert into LEBENSMITTELMENGE values ('Tagiatelle', 'Tagiatelle gekocht', 1000, 'GRAMM');
-- Käsespätzle

-- Tomatensoße
insert into LEBENSMITTELMENGE values ('Tomaten', 'Tomatensoße', 2000, 'GRAMM');
insert into LEBENSMITTELMENGE values ('Basilikum', 'Tomatensoße', 50, 'GRAMM');
insert into LEBENSMITTELMENGE values ('Zwiebeln', 'Tomatensoße', 200, 'GRAMM');
insert into LEBENSMITTELMENGE values ('Knoblauch', 'Tomatensoße', 50, 'GRAMM');
-- Bolognese
insert into LEBENSMITTELMENGE values ('Hackfleisch Rind', 'Bolognese', 500, 'GRAMM');
insert into LEBENSMITTELMENGE values ('Hackfleisch Schwein', 'Bolognese', 500, 'GRAMM');
insert into LEBENSMITTELMENGE values ('Tomaten', 'Bolognese', 1600, 'GRAMM');
insert into LEBENSMITTELMENGE values ('Zwiebeln', 'Bolognese', 200, 'GRAMM');
insert into LEBENSMITTELMENGE values ('Knoblauch', 'Bolognese', 60, 'GRAMM');
insert into LEBENSMITTELMENGE values ('Basilikum', 'Bolognese', 50, 'GRAMM');
-- Bolognese scharf
insert into LEBENSMITTELMENGE values ('Hackfleisch Rind', 'Bolognese scharf', 500, 'GRAMM');
insert into LEBENSMITTELMENGE values ('Hackfleisch Schwein', 'Bolognese scharf', 500, 'GRAMM');
insert into LEBENSMITTELMENGE values ('Tomaten', 'Bolognese scharf', 1600, 'GRAMM');
insert into LEBENSMITTELMENGE values ('Zwiebeln', 'Bolognese scharf', 200, 'GRAMM');
insert into LEBENSMITTELMENGE values ('Knoblauch', 'Bolognese scharf', 60, 'GRAMM');
insert into LEBENSMITTELMENGE values ('Basilikum', 'Bolognese scharf', 50, 'GRAMM');
insert into LEBENSMITTELMENGE values ('Jalapenos (geschnitten)', 'Bolognese scharf', 150, 'GRAMM');
insert into LEBENSMITTELMENGE values ('Chillischoten', 'Bolognese scharf', 10, 'GRAMM');
-- Garnelen aglio olio
-- Baguette ofenfrisch
insert into LEBENSMITTELMENGE values ('Baguette', 'Baguette ofenfrisch', 200, 'GRAMM');
-- Apfelküchle
insert into LEBENSMITTELMENGE values ('Äpfel', 'Apfelküchle', 200, 'GRAMM');
insert into LEBENSMITTELMENGE values ('Zimt gemahlen', 'Apfelküchle', 6, 'GRAMM');
-- Kugel Vanilleeis
insert into LEBENSMITTELMENGE values ('Vanilleeis', 'Kugel Vanilleeis', 80, 'GRAMM');
-- Heiße Himbeeren
insert into LEBENSMITTELMENGE values ('Himbeeren TK', 'Heiße Himbeeren', 200, 'GRAMM');
-- Spargel püriert
insert into LEBENSMITTELMENGE values ('Spargel', 'Spargel püriert', 1000, 'GRAMM');
-- Spargel gekocht
insert into LEBENSMITTELMENGE values ('Spargel', 'Spargel gekocht', 200, 'GRAMM');
-- Kürbis püriert
insert into LEBENSMITTELMENGE values ('Kürbis', 'Kürbis püriert', 1, 'STK');
-- Kürbis gestückelt
insert into LEBENSMITTELMENGE values ('Kürbis', 'Kürbis gestückelt', 0.5, 'STK');
-- Zwiebeln gewürfelt
insert into LEBENSMITTELMENGE values ('Zwiebeln', 'Zwiebeln gewürfelt', 200, 'GRAMM');
-- Knoblauch gewürfelt
insert into LEBENSMITTELMENGE values ('Knoblauch', 'Knoblauch gewürfelt', 200, 'GRAMM');
-- Zitronensaft
insert into LEBENSMITTELMENGE values ('Zitronen', 'Zitronensaft', 100, 'GRAMM');
-- Zitronenschale
insert into LEBENSMITTELMENGE values ('Zitronen', 'Zitronenschale', 5, 'GRAMM');
-- Galgant gerieben
insert into LEBENSMITTELMENGE values ('Galgant', 'Galgant gerieben', 50, 'GRAMM');
-- Fleischbrühe mit Kartoffeln
insert into LEBENSMITTELMENGE values ('Wasser', 'Fleischbrühe mit Kartoffeln', 8000, 'ML');
insert into LEBENSMITTELMENGE values ('Karotten', 'Fleischbrühe mit Kartoffeln', 200, 'GRAMM');
insert into LEBENSMITTELMENGE values ('Kartoffeln', 'Fleischbrühe mit Kartoffeln', 300, 'GRAMM');
insert into LEBENSMITTELMENGE values ('Pfeffer', 'Fleischbrühe mit Kartoffeln', 10, 'GRAMM');
insert into LEBENSMITTELMENGE values ('Zwiebeln', 'Fleischbrühe mit Kartoffeln', 100, 'GRAMM');
insert into LEBENSMITTELMENGE values ('Knollensellerie', 'Fleischbrühe mit Kartoffeln', 2, 'STK');
insert into LEBENSMITTELMENGE values ('Fleischknochen', 'Fleischbrühe mit Kartoffeln', 200, 'GRAMM');
insert into LEBENSMITTELMENGE values ('Markknochen', 'Fleischbrühe mit Kartoffeln', 250, 'GRAMM');
insert into LEBENSMITTELMENGE values ('Lauch', 'Fleischbrühe mit Kartoffeln', 50, 'GRAMM');
insert into LEBENSMITTELMENGE values ('Zucker', 'Fleischbrühe mit Kartoffeln', 20, 'GRAMM');
insert into LEBENSMITTELMENGE values ('Salz', 'Fleischbrühe mit Kartoffeln', 20, 'GRAMM');
-- Fleischbrühe
insert into LEBENSMITTELMENGE values ('Wasser', 'Fleischbrühe', 8000, 'ML');
insert into LEBENSMITTELMENGE values ('Karotten', 'Fleischbrühe', 200, 'GRAMM');
insert into LEBENSMITTELMENGE values ('Kartoffeln', 'Fleischbrühe', 300, 'GRAMM');
insert into LEBENSMITTELMENGE values ('Pfeffer', 'Fleischbrühe', 10, 'GRAMM');
insert into LEBENSMITTELMENGE values ('Zwiebeln', 'Fleischbrühe', 100, 'GRAMM');
insert into LEBENSMITTELMENGE values ('Knollensellerie', 'Fleischbrühe', 2, 'STK');
insert into LEBENSMITTELMENGE values ('Fleischknochen', 'Fleischbrühe', 200, 'GRAMM');
insert into LEBENSMITTELMENGE values ('Markknochen', 'Fleischbrühe', 250, 'GRAMM');
insert into LEBENSMITTELMENGE values ('Lauch', 'Fleischbrühe', 50, 'GRAMM');
insert into LEBENSMITTELMENGE values ('Zucker', 'Fleischbrühe', 20, 'GRAMM');
-- Tomaten-Mozarella
insert into LEBENSMITTELMENGE values ('Tomaten', 'Tomaten-Mozarella', 100, 'GRAMM');
insert into LEBENSMITTELMENGE values ('Büffelmozarella', 'Tomaten-Mozarella', 2, 'STK');
insert into LEBENSMITTELMENGE values ('Balsamico', 'Tomaten-Mozarella', 20, 'ML');
-- geöffnete Austern
insert into LEBENSMITTELMENGE values ('Austern', 'geöffnete Austern', 6, 'STK');
-- Gulasch gebraten
insert into LEBENSMITTELMENGE values ('Oberschale vom Rind', 'Gulasch gebraten', 2000, 'GRAMM');
insert into LEBENSMITTELMENGE values ('Olivenöl', 'Gulasch gebraten', 100, 'ML');
insert into LEBENSMITTELMENGE values ('Zwiebeln', 'Gulasch gebraten', 150, 'GRAMM');
insert into LEBENSMITTELMENGE values ('Knoblauch', 'Gulasch gebraten', 30, 'GRAMM');
insert into LEBENSMITTELMENGE values ('Zucker', 'Gulasch gebraten', 20, 'GRAMM');
insert into LEBENSMITTELMENGE values ('Paprikapulver edelsüß', 'Gulasch gebraten', 30, 'GRAMM');
insert into LEBENSMITTELMENGE values ('Paprikapulver rosenscharf', 'Gulasch gebraten', 30, 'GRAMM');
-- Geschnetzeltes gebraten
insert into LEBENSMITTELMENGE values ('Schweinefilet', 'Geschnetzeltes gebraten', 1500, 'GRAMM');
insert into LEBENSMITTELMENGE values ('Zwiebeln', 'Geschnetzeltes gebraten', 100, 'GRAMM');
insert into LEBENSMITTELMENGE values ('Knoblauch', 'Geschnetzeltes gebraten', 20, 'GRAMM');
insert into LEBENSMITTELMENGE values ('Zucker', 'Geschnetzeltes gebraten', 15, 'GRAMM');
insert into LEBENSMITTELMENGE values ('Butterschmalz', 'Geschnetzeltes gebraten', 50, 'GRAMM');
-- Tortiglioni gekocht
insert into LEBENSMITTELMENGE values ('Wasser', 'Tortiglioni gekocht', 8000, 'ML');
insert into LEBENSMITTELMENGE values ('Salz', 'Tortiglioni gekocht', 40, 'GRAMM');
insert into LEBENSMITTELMENGE values ('Tortiglioni', 'Tortiglioni gekocht', 1000, 'GRAMM');
-- Schweinemedaillons gebraten
insert into LEBENSMITTELMENGE values ('Schweinefilet', 'Schweinemedaillons gebraten', 1500, 'GRAMM');
insert into LEBENSMITTELMENGE values ('Zwiebeln', 'Schweinemedaillons gebraten', 100, 'GRAMM');
insert into LEBENSMITTELMENGE values ('Knoblauch', 'Schweinemedaillons gebraten', 20, 'GRAMM');
insert into LEBENSMITTELMENGE values ('Zucker', 'Schweinemedaillons gebraten', 15, 'GRAMM');
insert into LEBENSMITTELMENGE values ('Butterschmalz', 'Schweinemedaillons gebraten', 50, 'GRAMM');
-- Kartoffeln gekocht/geschält
insert into LEBENSMITTELMENGE values ('Kartoffeln', 'Kartoffeln gekocht/geschält', 5000, 'GRAMM');
insert into LEBENSMITTELMENGE values ('Wasser', 'Kartoffeln gekocht/geschält', 8000, 'ML');
insert into LEBENSMITTELMENGE values ('Salz', 'Kartoffeln gekocht/geschält', 20, 'GRAMM');
-- Flädle
insert into LEBENSMITTELMENGE values ('Mehl', 'Flädle', 300, 'GRAMM');
insert into LEBENSMITTELMENGE values ('Milch', 'Flädle', 600, 'GRAMM');
insert into LEBENSMITTELMENGE values ('Eier', 'Flädle', 8, 'STK');
insert into LEBENSMITTELMENGE values ('Zucker', 'Flädle', 80, 'GRAMM');
insert into LEBENSMITTELMENGE values ('Olivenöl', 'Flädle', 8, 'ML');
insert into LEBENSMITTELMENGE values ('Pfeffer', 'Flädle', 8, 'GRAMM');
insert into LEBENSMITTELMENGE values ('Schnittlauch', 'Flädle', 20, 'GRAMM');
-- Rostbraten gebraten
insert into LEBENSMITTELMENGE values ('Entrecote', 'Rostbraten gebraten', 350, 'GRAMM');
insert into LEBENSMITTELMENGE values ('Zwiebeln', 'Rostbraten gebraten', 100, 'GRAMM');
insert into LEBENSMITTELMENGE values ('Knoblauch', 'Rostbraten gebraten', 20, 'GRAMM');
insert into LEBENSMITTELMENGE values ('Zucker', 'Rostbraten gebraten', 15, 'GRAMM');
insert into LEBENSMITTELMENGE values ('Salz', 'Rostbraten gebraten', 15, 'GRAMM');
insert into LEBENSMITTELMENGE values ('Pfeffer', 'Rostbraten gebraten', 15, 'GRAMM');
insert into LEBENSMITTELMENGE values ('Butterschmalz', 'Rostbraten gebraten', 20, 'GRAMM');
-- Spaghetti gekocht
insert into LEBENSMITTELMENGE values ('Wasser', 'Spaghetti gekocht', 8000, 'ML');
insert into LEBENSMITTELMENGE values ('Salz', 'Spaghetti gekocht', 40, 'GRAMM');
insert into LEBENSMITTELMENGE values ('Spaghetti', 'Spaghetti gekocht', 1000, 'GRAMM');
-- Spätzle
insert into LEBENSMITTELMENGE values ('Wasser', 'Spätzle', 8440, 'ML');
insert into LEBENSMITTELMENGE values ('Salz', 'Spätzle', 46, 'GRAMM');
insert into LEBENSMITTELMENGE values ('Mehl', 'Spätzle', 800, 'GRAMM');
insert into LEBENSMITTELMENGE values ('Eier', 'Spätzle', 8, 'STK');
-- Fleischküchle gebraten
insert into LEBENSMITTELMENGE values ('Zwiebeln', 'Fleischküchle gebraten', 200, 'GRAMM');
insert into LEBENSMITTELMENGE values ('Hackfleisch Rind', 'Fleischküchle gebraten', 500, 'GRAMM');
insert into LEBENSMITTELMENGE values ('Hackfleisch Schwein', 'Fleischküchle gebraten', 500, 'GRAMM');
insert into LEBENSMITTELMENGE values ('Petersilie', 'Fleischküchle gebraten', 40, 'GRAMM');
insert into LEBENSMITTELMENGE values ('Senf (mittelscharf)', 'Fleischküchle gebraten', 90, 'GRAMM');
insert into LEBENSMITTELMENGE values ('Paprikapulver rosenscharf', 'Fleischküchle gebraten', 12, 'GRAMM');
insert into LEBENSMITTELMENGE values ('Weißbrot', 'Fleischküchle gebraten', 300, 'GRAMM');
insert into LEBENSMITTELMENGE values ('Salz', 'Fleischküchle gebraten', 15, 'GRAMM');
insert into LEBENSMITTELMENGE values ('Pfeffer', 'Fleischküchle gebraten', 15, 'GRAMM');
insert into LEBENSMITTELMENGE values ('Butterschmalz', 'Fleischküchle gebraten', 40, 'GRAMM');
insert into LEBENSMITTELMENGE values ('Eier', 'Fleischküchle gebraten', 6, 'STK');
-- Brühe
-- Bohnen/Mais-Mischung
insert into LEBENSMITTELMENGE values ('Kidney Bohnen', 'Bohnen/Mais-Mischung', 400, 'GRAMM');
insert into LEBENSMITTELMENGE values ('Mais', 'Bohnen/Mais-Mischung', 200, 'GRAMM');
-- Röstzwiebeln
insert into LEBENSMITTELMENGE values ('Butterschmalz', 'Röstzwiebeln', 300, 'GRAMM');
insert into LEBENSMITTELMENGE values ('Mehl', 'Röstzwiebeln', 35, 'GRAMM');
insert into LEBENSMITTELMENGE values ('Zwiebeln', 'Röstzwiebeln', 200, 'GRAMM');
insert into LEBENSMITTELMENGE values ('Salz', 'Röstzwiebeln', 6, 'GRAMM');
-- Bratensoße
insert into LEBENSMITTELMENGE values ('Rotwein', 'Bratensoße', 200, 'ML');
insert into LEBENSMITTELMENGE values ('Mehl', 'Bratensoße', 90, 'GRAMM');
insert into LEBENSMITTELMENGE values ('Karotten', 'Bratensoße', 200, 'GRAMM');
insert into LEBENSMITTELMENGE values ('Markknochen', 'Bratensoße', 400, 'GRAMM');
insert into LEBENSMITTELMENGE values ('Wasser', 'Bratensoße', 2000, 'ML');
insert into LEBENSMITTELMENGE values ('Salz', 'Bratensoße', 20, 'GRAMM');
insert into LEBENSMITTELMENGE values ('Pfeffer', 'Bratensoße', 10, 'GRAMM');
-- Jasminreis gekocht
insert into LEBENSMITTELMENGE values ('Wasser', 'Jasminreis gekocht', 8000, 'ML');
insert into LEBENSMITTELMENGE values ('Salz', 'Jasminreis gekocht', 20, 'GRAMM');
insert into LEBENSMITTELMENGE values ('Jasminreis', 'Jasminreis gekocht', 1000, 'GRAMM');
-- Weißweinsoße
insert into LEBENSMITTELMENGE values ('Weißwein', 'Weißweinsoße', 1000, 'ML');
insert into LEBENSMITTELMENGE values ('Wasser', 'Weißweinsoße', 2000, 'ML');
insert into LEBENSMITTELMENGE values ('Zitronen', 'Weißweinsoße', 200, 'GRAMM');
insert into LEBENSMITTELMENGE values ('Zwiebeln', 'Weißweinsoße', 200, 'GRAMM');
insert into LEBENSMITTELMENGE values ('Sahne', 'Weißweinsoße', 400, 'ML');
-- Rahmsoße
insert into LEBENSMITTELMENGE values ('Wasser', 'Rahmsoße', 2000, 'ML');
insert into LEBENSMITTELMENGE values ('Zwiebeln', 'Rahmsoße', 200, 'GRAMM');
insert into LEBENSMITTELMENGE values ('Sahne', 'Rahmsoße', 400, 'ML');
insert into LEBENSMITTELMENGE values ('Salz', 'Rahmsoße', 20, 'GRAMM');
insert into LEBENSMITTELMENGE values ('Pfeffer', 'Rahmsoße', 10, 'GRAMM');
insert into LEBENSMITTELMENGE values ('Mehl', 'Rahmsoße', 40, 'GRAMM');
-- Pilzrahmsoße
insert into LEBENSMITTELMENGE values ('Wasser', 'Pilzrahmsoße', 2000, 'ML');
insert into LEBENSMITTELMENGE values ('Zwiebeln', 'Pilzrahmsoße', 200, 'GRAMM');
insert into LEBENSMITTELMENGE values ('Sahne', 'Pilzrahmsoße', 400, 'ML');
insert into LEBENSMITTELMENGE values ('Salz', 'Pilzrahmsoße', 20, 'GRAMM');
insert into LEBENSMITTELMENGE values ('Pfeffer', 'Pilzrahmsoße', 10, 'GRAMM');
insert into LEBENSMITTELMENGE values ('Mehl', 'Pilzrahmsoße', 40, 'GRAMM');
insert into LEBENSMITTELMENGE values ('Pfifferlinge', 'Pilzrahmsoße', 40, 'GRAMM');
insert into LEBENSMITTELMENGE values ('Champignon (weiß)', 'Pilzrahmsoße', 40, 'GRAMM');
insert into LEBENSMITTELMENGE values ('Champignon (braun)', 'Pilzrahmsoße', 40, 'GRAMM');
-- Kroketten frittiert
insert into LEBENSMITTELMENGE values ('Kroketten', 'Kroketten frittiert', 1000, 'GRAMM');
insert into LEBENSMITTELMENGE values ('Frittierfett', 'Kroketten frittiert', 200, 'GRAMM');
-- Thai Curry Soße
insert into LEBENSMITTELMENGE values ('Kokosnussmilch', 'Thai Curry Soße', 1000, 'ML');
insert into LEBENSMITTELMENGE values ('Galgant', 'Thai Curry Soße', 200, 'GRAMM');
insert into LEBENSMITTELMENGE values ('Zwiebeln', 'Thai Curry Soße', 300, 'GRAMM');
insert into LEBENSMITTELMENGE values ('Knoblauch', 'Thai Curry Soße', 80, 'GRAMM');
insert into LEBENSMITTELMENGE values ('Zitronengras', 'Thai Curry Soße', 100, 'GRAMM');
insert into LEBENSMITTELMENGE values ('Chillischoten', 'Thai Curry Soße', 100, 'GRAMM');
insert into LEBENSMITTELMENGE values ('Petersilie', 'Thai Curry Soße', 20, 'GRAMM');
insert into LEBENSMITTELMENGE values ('Zitronen', 'Thai Curry Soße', 200, 'GRAMM');
insert into LEBENSMITTELMENGE values ('Fischsauce', 'Thai Curry Soße', 40, 'ML');
insert into LEBENSMITTELMENGE values ('Kräuterseitlinge', 'Thai Curry Soße', 400, 'GRAMM');
insert into LEBENSMITTELMENGE values ('Wasser', 'Thai Curry Soße', 1500, 'ML');
insert into LEBENSMITTELMENGE values ('Erdnussöl', 'Thai Curry Soße', 150, 'ML');
insert into LEBENSMITTELMENGE values ('Zucker', 'Thai Curry Soße', 50, 'GRAMM');
insert into LEBENSMITTELMENGE values ('Salz', 'Thai Curry Soße', 20, 'GRAMM');
insert into LEBENSMITTELMENGE values ('Pfeffer', 'Thai Curry Soße', 20, 'GRAMM');
-- Agio Olio
insert into LEBENSMITTELMENGE values ('Olivenöl', 'Agio Olio', 200, 'ML');
insert into LEBENSMITTELMENGE values ('Knoblauch', 'Agio Olio', 80, 'GRAMM');
insert into LEBENSMITTELMENGE values ('Petersilie', 'Agio Olio', 100, 'GRAMM');
-- Garnelen eingelegt
insert into LEBENSMITTELMENGE values ('Garnelen', 'Garnelen eingelegt', 250, 'GRAMM');
insert into LEBENSMITTELMENGE values ('Zitronen', 'Garnelen eingelegt', 100, 'GRAMM');
insert into LEBENSMITTELMENGE values ('Basilikum', 'Garnelen eingelegt', 20, 'GRAMM');
insert into LEBENSMITTELMENGE values ('Knoblauch', 'Garnelen eingelegt', 50, 'GRAMM');
insert into LEBENSMITTELMENGE values ('Olivenöl', 'Garnelen eingelegt', 200, 'ML');
-- Carbonara Soße
insert into LEBENSMITTELMENGE values ('Speck', 'Carbonara Soße', 200, 'GRAMM');
insert into LEBENSMITTELMENGE values ('Parmesan', 'Carbonara Soße', 400, 'GRAMM');
insert into LEBENSMITTELMENGE values ('Eier', 'Carbonara Soße', 4, 'STK');
insert into LEBENSMITTELMENGE values ('Sahne', 'Carbonara Soße', 40, 'ML');
insert into LEBENSMITTELMENGE values ('Zwiebeln', 'Carbonara Soße', 200, 'GRAMM');
insert into LEBENSMITTELMENGE values ('Knoblauch', 'Carbonara Soße', 20, 'GRAMM');
-- Käsesoße
insert into LEBENSMITTELMENGE values ('Emmentaler', 'Käsesoße', 200, 'GRAMM');
--insert into LEBENSMITTELMENGE values ('', 'Käsesoße', 200, 'GRAMM');
--insert into LEBENSMITTELMENGE values ('', 'Käsesoße', 200, 'GRAMM');
--insert into LEBENSMITTELMENGE values ('', 'Käsesoße', 200, 'GRAMM');
--insert into LEBENSMITTELMENGE values ('', 'Käsesoße', 200, 'GRAMM');
-- Zitronenscheibe
insert into LEBENSMITTELMENGE values ('Zitronen', 'Zitronenscheibe', 200, 'GRAMM');
-- 1/4 Weißwein
insert into LEBENSMITTELMENGE values ('Weißwein', '1/4 Weißwein', 250, 'ML');
-- 1/4 Rotwein
insert into LEBENSMITTELMENGE values ('Rotwein', '1/4 Rotwein', 250, 'ML');
-- Glas Bier
insert into LEBENSMITTELMENGE values ('Bier', 'Glas Bier', 500, 'ML');
-- Apfelrotkraut
insert into LEBENSMITTELMENGE values ('Äpfel', 'Apfelrotkraut', 200, 'GRAMM');
insert into LEBENSMITTELMENGE values ('Rotkohl', 'Apfelrotkraut', 0.5, 'STK');
insert into LEBENSMITTELMENGE values ('Salz', 'Apfelrotkraut', 20, 'GRAMM');
insert into LEBENSMITTELMENGE values ('Pfeffer', 'Apfelrotkraut', 10, 'GRAMM');
-- Semmelknödel
insert into LEBENSMITTELMENGE values ('Weißbrot', 'Semmelknödel', 200, 'GRAMM');
insert into LEBENSMITTELMENGE values ('Semmelbrösel', 'Semmelknödel', 200, 'GRAMM');
insert into LEBENSMITTELMENGE values ('Mehl', 'Semmelknödel', 200, 'GRAMM');
insert into LEBENSMITTELMENGE values ('Eier', 'Semmelknödel', 4, 'STK');
-- Tomaten püriert
insert into LEBENSMITTELMENGE values ('Tomaten', 'Tomaten püriert', 1000, 'GRAMM');
insert into LEBENSMITTELMENGE values ('Salz', 'Tomaten püriert', 20, 'GRAMM');
insert into LEBENSMITTELMENGE values ('Pfeffer', 'Tomaten püriert', 10, 'GRAMM');
insert into LEBENSMITTELMENGE values ('Basilikum', 'Tomaten püriert', 20, 'GRAMM');
-- Pilzzubereitung
insert into LEBENSMITTELMENGE values ('Champignon (weiß)', 'Pilzzubereitung', 200, 'GRAMM');
insert into LEBENSMITTELMENGE values ('Champignon (braun)', 'Pilzzubereitung', 200, 'GRAMM');
insert into LEBENSMITTELMENGE values ('Pfifferlinge', 'Pilzzubereitung', 200, 'GRAMM');
insert into LEBENSMITTELMENGE values ('Kräuterseitlinge', 'Pilzzubereitung', 200, 'GRAMM');
insert into LEBENSMITTELMENGE values ('Zwiebeln', 'Pilzzubereitung', 200, 'GRAMM');
insert into LEBENSMITTELMENGE values ('Knoblauch', 'Pilzzubereitung', 20, 'GRAMM');
-- Apfelküchle
-- Glas Sprudel
insert into LEBENSMITTELMENGE values ('Sprudel', 'Glas Sprudel', 200, 'ML');

-- Gericht
-- name, aktiviert, standard, aktivierteTage, aktivierungsDatum, kategorie, langtext, zubereitungsdauer
insert into GERICHT values ('Schnitzel mit Pommes', 1, 1, 30, '2020-03-01', 'HAUPTGERICHT', 'Pommes und Schnitzel zusammen auf Teller', 12.0);

insert into GERICHT values ('Chili con carne mit ofenfrischem Baguette', 1, 1, 30, '2020-03-01', 'HAUPTGERICHT', '', 5.0);
insert into GERICHT values ('Fleischküchle mit Kartoffelsalat', 1, 1, 30, '2020-03-01', 'HAUPTGERICHT', '', 12.0);
insert into GERICHT values ('Schweinemedaillons mit Kroketten in Rahmsoße', 1, 1, 30, '2020-03-01', 'HAUPTGERICHT', '', 10.0);
insert into GERICHT values ('Pilzrahmgeschnetzeltes mit Spätzle', 1, 1, 30, '2020-03-01', 'HAUPTGERICHT', '', 14.0);
insert into GERICHT values ('Zwiebelrostbraten mit Spätzle', 1, 1, 30, '2020-03-01', 'HAUPTGERICHT', '', 15.0);
insert into GERICHT values ('grünes Thai-Curry mit Reis und Gemüse', 1, 1, 30, '2020-03-01', 'HAUPTGERICHT', '', 5.0);
insert into GERICHT values ('ofengegarte Austern', 1, 1, 30, '2020-03-01', 'VORSPEISE', '', 20.0);
insert into GERICHT values ('Bio-Garnelen "aglio olio" mit Baguette', 1, 1, 30, '2020-03-01', 'VORSPEISE', '', 10.0);
insert into GERICHT values ('Flädlessuppe', 1, 1, 30, '2020-03-01', 'VORSPEISE', '', 5.0);
insert into GERICHT values ('Geißburger Marsch dazu Spätzle', 1, 1, 30, '2020-03-01', 'HAUPTGERICHT', '', 5.0);
insert into GERICHT values ('Käsespätzle', 1, 1, 30, '2020-03-01', 'HAUPTGERICHT', '', 8.0);
insert into GERICHT values ('Spargelcremesuppe', 1, 1, 30, '2020-03-01', 'VORSPEISE', '', 4.0);
insert into GERICHT values ('Kürbiscremesuppe', 1, 1, 30, '2020-03-01', 'VORSPEISE', '', 4.0);
insert into GERICHT values ('Gratinierte Spargelpfannkuchen', 1, 1, 30, '2020-03-01', 'HAUPTGERICHT', '', 18.0);
insert into GERICHT values ('Pilzrisotto aus Kräuterseitlingen', 1, 1, 30, '2020-03-01', 'HAUPTGERICHT', '', 16.0);
insert into GERICHT values ('Rindergulasch dazu Semmelknödel und Rotkraut', 1, 1, 30, '2020-03-01', 'HAUPTGERICHT', '', 8.0);
insert into GERICHT values ('Antipasti-Platte', 1, 1, 30, '2020-03-01', 'VORSPEISE', '', 12.0);
insert into GERICHT values ('Zimtapfelküchle', 1, 1, 30, '2020-03-01', 'NACHTISCH', '', 13.0);
insert into GERICHT values ('Heiße Liebe', 1, 1, 30, '2020-03-01', 'NACHTISCH', '', 11.0);
insert into GERICHT values ('Salatteller', 1, 1, 30, '2020-03-01', 'VORSPEISE', '', 7.0);
insert into GERICHT values ('großer Salat mit Putenstreifen', 1, 1, 30, '2020-03-01', 'HAUPTGERICHT', '', 12.0);
insert into GERICHT values ('Spaghetti Bolognese', 1, 1, 30, '2020-03-01', 'HAUPTGERICHT', '', 8.0);
insert into GERICHT values ('Tomatensuppe', 1, 1, 30, '2020-03-01', 'VORSPEISE', '', 4.0);
insert into GERICHT values ('Tagiatelle in Garnelen Tomatensoße', 1, 1, 30, '2020-03-01', 'HAUPTGERICHT', '', 11.0);
insert into GERICHT values ('Spaghetti Carbonara', 1, 1, 30, '2020-03-01', 'HAUPTGERICHT', '', 12.0);
insert into GERICHT values ('Sprudel', 1, 1, 30, '2020-03-01', 'GETRAENK', '', 2.0);
insert into GERICHT values ('Weißwein', 1, 1, 30, '2020-03-01', 'GETRAENK', '', 2.0);
insert into GERICHT values ('Rotwein', 1, 1, 30, '2020-03-01', 'GETRAENK', '', 2.0);
insert into GERICHT values ('Bier', 1, 1, 30, '2020-03-01', 'GETRAENK', '', 2.0);


-- KomponentenMenge
-- komponente_name, gericht_name, menge, einheit
insert into KOMPONENTENMENGE values ('Pommes', 'Schnitzel mit Pommes', 300, 'GRAMM');
insert into KOMPONENTENMENGE values ('Schnitzel', 'Schnitzel mit Pommes', 400, 'GRAMM');
-- Chili con carne
insert into KOMPONENTENMENGE values ('Bolognese scharf', 'Chili con carne mit ofenfrischem Baguette', 300, 'GRAMM');
insert into KOMPONENTENMENGE values ('Baguette ofenfrisch', 'Chili con carne mit ofenfrischem Baguette', 200, 'GRAMM');
insert into KOMPONENTENMENGE values ('Bohnen/Mais-Mischung', 'Chili con carne mit ofenfrischem Baguette', 100, 'GRAMM');
-- Fleischküchle mit Kartoffelsalat
insert into KOMPONENTENMENGE values ('Fleischküchle gebraten', 'Fleischküchle mit Kartoffelsalat', 2, 'STK');
insert into KOMPONENTENMENGE values ('Kartoffelsalat', 'Fleischküchle mit Kartoffelsalat', 300, 'GRAMM');
insert into KOMPONENTENMENGE values ('Bratensoße', 'Fleischküchle mit Kartoffelsalat', 100, 'ML');
-- Schweinemedaillons mit Kroketten in Rahmsoße
insert into KOMPONENTENMENGE values ('Schweinemedaillons gebraten', 'Schweinemedaillons mit Kroketten in Rahmsoße', 3, 'STK');
insert into KOMPONENTENMENGE values ('Kroketten frittiert', 'Schweinemedaillons mit Kroketten in Rahmsoße', 6, 'STK');
insert into KOMPONENTENMENGE values ('Rahmsoße', 'Schweinemedaillons mit Kroketten in Rahmsoße', 150, 'ML');
-- Pilzrahmgeschnetzeltes mit Spätzle
insert into KOMPONENTENMENGE values ('Pilzrahmsoße', 'Pilzrahmgeschnetzeltes mit Spätzle', 150, 'GRAMM');
insert into KOMPONENTENMENGE values ('Geschnetzeltes gebraten', 'Pilzrahmgeschnetzeltes mit Spätzle', 250, 'GRAMM');
insert into KOMPONENTENMENGE values ('Spätzle', 'Pilzrahmgeschnetzeltes mit Spätzle', 300, 'GRAMM');
-- Zwiebelrostbraten mit Spätzle
insert into KOMPONENTENMENGE values ('Rostbraten gebraten', 'Zwiebelrostbraten mit Spätzle', 1, 'STK');
insert into KOMPONENTENMENGE values ('Spätzle', 'Zwiebelrostbraten mit Spätzle', 300, 'GRAMM');
insert into KOMPONENTENMENGE values ('Bratensoße', 'Zwiebelrostbraten mit Spätzle', 200, 'GRAMM');
insert into KOMPONENTENMENGE values ('Röstzwiebeln', 'Zwiebelrostbraten mit Spätzle', 50, 'GRAMM');
-- grünes Thai-Curry mit Reis und Gemüse
insert into KOMPONENTENMENGE values ('Jasminreis gekocht', 'grünes Thai-Curry mit Reis und Gemüse', 250, 'GRAMM');
insert into KOMPONENTENMENGE values ('Thai Curry Soße', 'grünes Thai-Curry mit Reis und Gemüse', 400, 'ML');
-- ofengegarte Austern
insert into KOMPONENTENMENGE values ('geöffnete Austern', 'ofengegarte Austern', 6, 'STK');
-- Bio-Garnelen "aglio olio" mit Baguette
insert into KOMPONENTENMENGE values ('Agio Olio', 'Bio-Garnelen "aglio olio" mit Baguette', 200, 'ML');
insert into KOMPONENTENMENGE values ('Garnelen eingelegt', 'Bio-Garnelen "aglio olio" mit Baguette', 400, 'GRAMM');
insert into KOMPONENTENMENGE values ('Baguette ofenfrisch', 'Bio-Garnelen "aglio olio" mit Baguette', 200, 'GRAMM');
-- Flädlessuppe
insert into KOMPONENTENMENGE values ('Fleischbrühe', 'Flädlessuppe', 400, 'ML');
insert into KOMPONENTENMENGE values ('Flädle', 'Flädlessuppe', 1, 'STK');
-- Geißburger Marsch dazu Spätzle
insert into KOMPONENTENMENGE values ('Fleischbrühe mit Kartoffeln', 'Geißburger Marsch dazu Spätzle', 400, 'ML');
insert into KOMPONENTENMENGE values ('Spätzle', 'Geißburger Marsch dazu Spätzle', 150, 'GRAMM');
-- Käsespätzle
insert into KOMPONENTENMENGE values ('Spätzle', 'Käsespätzle', 300, 'GRAMM');
insert into KOMPONENTENMENGE values ('Käsesoße', 'Käsespätzle', 200, 'ML');
insert into KOMPONENTENMENGE values ('Röstzwiebeln', 'Käsespätzle', 50, 'GRAMM');
-- Spargelcremesuppe
insert into KOMPONENTENMENGE values ('Spargel gekocht', 'Spargelcremesuppe', 50, 'GRAMM');
insert into KOMPONENTENMENGE values ('Spargel püriert', 'Spargelcremesuppe', 100, 'ML');
--insert into KOMPONENTENMENGE values ('Fleischbrühe', 'Spargelcremesuppe', 400, 'GRAMM');
-- Kürbiscremesuppe
insert into KOMPONENTENMENGE values ('Kürbis püriert', 'Kürbiscremesuppe', 100, 'ML');
insert into KOMPONENTENMENGE values ('Kürbis gestückelt', 'Kürbiscremesuppe', 60, 'GRAMM');
--insert into KOMPONENTENMENGE values ('Fleischbrühe', 'Kürbiscremesuppe', 400, 'ML');
-- Gratinierte Spargelpfannkuchen
insert into KOMPONENTENMENGE values ('Spargel gekocht', 'Gratinierte Spargelpfannkuchen', 400, 'GRAMM');
insert into KOMPONENTENMENGE values ('Flädle', 'Gratinierte Spargelpfannkuchen', 3, 'STK');
-- Pilzrisotto aus Kräuterseitlingen
insert into KOMPONENTENMENGE values ('Jasminreis gekocht', 'Pilzrisotto aus Kräuterseitlingen', 150, 'GRAMM');
insert into KOMPONENTENMENGE values ('Pilzzubereitung', 'Pilzrisotto aus Kräuterseitlingen', 200, 'GRAMM');
-- Rindergulasch dazu Semmelknödel und Rotkraut
insert into KOMPONENTENMENGE values ('Gulasch gebraten', 'Rindergulasch dazu Semmelknödel und Rotkraut', 200, 'GRAMM');
insert into KOMPONENTENMENGE values ('Semmelknödel', 'Rindergulasch dazu Semmelknödel und Rotkraut', 2, 'STK');
insert into KOMPONENTENMENGE values ('Bratensoße', 'Rindergulasch dazu Semmelknödel und Rotkraut', 200, 'ML');
insert into KOMPONENTENMENGE values ('Apfelrotkraut', 'Rindergulasch dazu Semmelknödel und Rotkraut', 150, 'GRAMM');
-- Antipasti-Platte
insert into KOMPONENTENMENGE values ('Tomaten-Mozarella', 'Antipasti-Platte', 200, 'GRAMM');
-- Zimtapfelküchle
insert into KOMPONENTENMENGE values ('Kugel Vanilleeis', 'Zimtapfelküchle', 2, 'STK');
insert into KOMPONENTENMENGE values ('Apfelküchle', 'Zimtapfelküchle', 1, 'STK');
-- Heiße Liebe
insert into KOMPONENTENMENGE values ('Kugel Vanilleeis', 'Heiße Liebe', 2, 'STK');
insert into KOMPONENTENMENGE values ('Heiße Himbeeren', 'Heiße Liebe', 200, 'ML');
-- Salatteller
insert into KOMPONENTENMENGE values ('Kartoffelsalat', 'Salatteller', 50, 'GRAMM');
insert into KOMPONENTENMENGE values ('Krautsalat', 'Salatteller', 50, 'GRAMM');
--insert into KOMPONENTENMENGE values ('Karottensalat', 'Salatteller', 50, 'GRAMM');
insert into KOMPONENTENMENGE values ('Blattsalat', 'Salatteller', 50, 'GRAMM');
-- großer Salat mit Putenstreifen
insert into KOMPONENTENMENGE values ('Blattsalat', 'großer Salat mit Putenstreifen', 120, 'GRAMM');
insert into KOMPONENTENMENGE values ('Geschnetzeltes gebraten', 'großer Salat mit Putenstreifen', 50, 'GRAMM');
-- Spaghetti Bolognese
insert into KOMPONENTENMENGE values ('Spaghetti gekocht', 'Spaghetti Bolognese', 250, 'GRAMM');
insert into KOMPONENTENMENGE values ('Bolognese', 'Spaghetti Bolognese', 150, 'ML');
-- Tomatensuppe
insert into KOMPONENTENMENGE values ('Fleischbrühe', 'Tomatensuppe', 100, 'GRAMM');
insert into KOMPONENTENMENGE values ('Tomaten püriert', 'Tomatensuppe', 50, 'GRAMM');
-- Tagiatelle in Garnelen Tomatensoße
insert into KOMPONENTENMENGE values ('Tomatensoße', 'Tagiatelle in Garnelen Tomatensoße', 200, 'GRAMM');
insert into KOMPONENTENMENGE values ('Spaghetti gekocht', 'Tagiatelle in Garnelen Tomatensoße', 250, 'GRAMM');
insert into KOMPONENTENMENGE values ('Garnelen eingelegt', 'Tagiatelle in Garnelen Tomatensoße', 50, 'GRAMM');
-- Spaghetti Carbonara
insert into KOMPONENTENMENGE values ('Carbonara Soße', 'Spaghetti Carbonara', 40, 'ML');
insert into KOMPONENTENMENGE values ('Spaghetti gekocht', 'Spaghetti Carbonara', 250, 'GRAMM');
-- Bier
insert into KOMPONENTENMENGE values ('Glas Bier', 'Bier', 500, 'ML');
-- Weißwein
insert into KOMPONENTENMENGE values ('1/4 Weißwein', 'Weißwein', 250, 'ML');
-- Rotwein
insert into KOMPONENTENMENGE values ('1/4 Rotwein', 'Rotwein', 250, 'ML');
-- Sprudel
insert into KOMPONENTENMENGE values ('Glas Sprudel', 'Sprudel', 200, 'ML');
insert into KOMPONENTENMENGE values ('Zitronenscheibe', 'Sprudel', 1, 'STK');

-- Kalkulation
create or replace procedure createKalkulationen
    is
    maximalVerkaufspreis number;
    standardGewinnmarge number;
    kostenmarge number;
    verkaufspreis number;
    gewinnmargeMax number;
    gewinnmarge number;
    maxVKTrue number;
begin
    -- Standardwerte setzen
    maximalVerkaufspreis := 35.0;
    standardGewinnmarge := 1.5;
    kostenmarge := 2.0;
    maxVKTrue := 0;
    -- Für jeden aktuellen Einkaufspreis 3 Kalkulationen erstellen
    for i in 1..3
        loop
            -- Für jeden aktuellen Einkaufspreis
            for einkaufsPreis in (select * from AKTUELLEREINKAUFSPREISG)
                loop
                    maxVKTrue := 0;
                    gewinnmargeMax := 0.0;
                    -- Verkaufpreis berechnen für Standardkalkulation
                    verkaufspreis := einkaufsPreis.PREIS * (standardGewinnmarge + 0.5 + kostenmarge);
                    -- Verkaufspreis darf einen maximalenen Verkaufspreis nicht übersteigen
                    if verkaufspreis >= maximalVerkaufspreis
                    then
                        -- Die Kosten sollten aber in jedem Fall gedeckt sein (wenn möglich)
                        verkaufspreis := einkaufsPreis.PREIS * kostenmarge;
                        if verkaufspreis >= maximalVerkaufspreis
                        then
                            -- wenn keine Kostendeckung möglich ist, dann den maximalen Verkaufspreis verlangen
                            verkaufspreis := maximalVerkaufspreis;
                            maxVKTrue := 1;
                        else
                            -- wenn eine Kostendeckung möglich ist, dann die maximal mögliche Gewinnmarge zum maximalen
                            -- Verkaufspreis berechnen
                            gewinnmargeMAX := (maximalVerkaufspreis - (einkaufsPreis.PREIS * kostenmarge))/einkaufsPreis.PREIS;
                        end if;
                    else
                        -- "Fehlertoleranz" sollte bei Standardkalkulation
                        gewinnmargeMax := standardGewinnmarge + 0.5;
                    end if;
                    -- Nur wenn kein maximaler Verkaufspreis gesetzt wurde gewinnmarge und verkaufspreis berechnen
                    if maxVKTrue = 0 Then
                        -- Verkaufspreis aus Gewinnmarge zufällig ermitteln und auf 0,10 Cent runden
                        gewinnmarge := DBMS_RANDOM.VALUE(standardGewinnmarge, gewinnmargeMax);
                        verkaufspreis := Round(einkaufsPreis.PREIS * (kostenmarge + gewinnmarge), 1);
                    end if;
                    -- Gewinnmarge zurückermitteln auf gerundeten Verkaufspreis oder maximalen Verkaufspreis
                    if einkaufsPreis.PREIS > 0
                    then
                        gewinnmarge := (verkaufspreis - (einkaufsPreis.PREIS * kostenmarge))/einkaufsPreis.PREIS;
                    end if;
                    insert into KALKULATION values (
                                                       einkaufsPreis.PREIS,
                                                       verkaufspreis,
                                                       gewinnmarge,
                                                       kostenmarge,
                                                       (
                                                           SELECT einkaufsPreis.DATUM +
                                                                  DBMS_RANDOM.VALUE(0, TO_DATE('2019-09-30 23:59:59', 'YYYY-MM-DD HH24:MI:SS') -
                                                                                       CAST(einkaufsPreis.DATUM AS DATE))
                                                           FROM dual
                                                       ),
                                                       einkaufsPreis.NAME
                                                   );
                end loop;
        end loop;
end;
/

call createKalkulationen();


-- Saison
insert into SAISON values ('Frühling', 8, 15);
insert into SAISON values ('Sommer', 16, 40);

-- Speisekarte
insert into SPEISEKARTE values ('Frühlingskarte', 'Frühling', '2020-03-15', '2020-04-20', '');
insert into SPEISEKARTE values ('Sommerkarte', 'Sommer', '2020-05-20', '2020-08-20', '');

-- GerichtSpeisekarte
insert into GERICHTSPEISEKARTE values ('Zwiebelrostbraten mit Spätzle', 'Frühlingskarte');
insert into GERICHTSPEISEKARTE values ('ofengegarte Austern', 'Frühlingskarte');
insert into GERICHTSPEISEKARTE values ('Flädlessuppe', 'Frühlingskarte');
insert into GERICHTSPEISEKARTE values ('Käsespätzle', 'Frühlingskarte');
insert into GERICHTSPEISEKARTE values ('Sprudel', 'Frühlingskarte');
insert into GERICHTSPEISEKARTE values ('Kürbiscremesuppe', 'Sommerkarte');
insert into GERICHTSPEISEKARTE values ('Antipasti-Platte', 'Sommerkarte');
insert into GERICHTSPEISEKARTE values ('Gratinierte Spargelpfannkuchen', 'Sommerkarte');
insert into GERICHTSPEISEKARTE values ('Tomatensuppe', 'Sommerkarte');
insert into GERICHTSPEISEKARTE values ('Chili con carne mit ofenfrischem Baguette', 'Sommerkarte');


/**
  >===========================================================================================================<
  >================================================Jonas======================================================<
*/

-- Tische

/*
delete from BESTELLUNG;
delete from ABRECHNUNG;
delete from PERSON;
delete from TISCH;
*/

-- Tische
insert into TISCH values (1, 4, 'Fenster rechts', 'BESTELLT', 'GETRAENKE', '2020-09-01 13:02:33');
insert into TISCH values (2, 4, 'Fenster links', 'BESTELLT', 'VORSPEISE', '2020-09-01 13:10:02');
insert into TISCH values (3, 6, 'Familientisch 1', 'ERHALTEN', 'GETRAENKE', '2020-09-01 13:04:20');
insert into TISCH values (4, 6, 'Familientisch 2', 'ERHALTEN', 'VORSPEISE', '2020-09-01 13:08:45');
insert into TISCH values (5, 2, 'Paartisch 1', 'FERTIG', 'HAUPTGANG', '2020-09-01 13:00:32');
insert into TISCH values (6, 2, 'Paartisch 2', 'FERTIG', 'NACHTISCH', '2020-09-01 13:04:37');
insert into TISCH values (7, 16, 'Tafel 1', 'ERHALTEN', 'HAUPTGANG', '2020-09-01 13:04:20');
insert into TISCH values (8, 16, 'Tafel 2', 'FERTIG', 'GETRAENKE', '2020-09-01 13:02:50');

-- Personen
insert into PERSON values (1, 'NEIN', 1);
insert into PERSON values (2, 'NEIN', 1);
insert into PERSON values (3, 'NEIN', 1);
insert into PERSON values (4, 'NEIN', 1);
insert into PERSON values (1, 'NEIN', 2);
insert into PERSON values (2, 'NEIN', 2);
insert into PERSON values (1, 'NEIN', 3);
insert into PERSON values (2, 'NEIN', 3);
insert into PERSON values (3, 'GEBURTSTAGSKIND', 3);
insert into PERSON values (1, 'NEIN', 4);
insert into PERSON values (2, 'NEIN', 4);
insert into PERSON values (3, 'NEIN', 4);
insert into PERSON values (4, 'NEIN', 4);
insert into PERSON values (1, 'NEIN', 5);
insert into PERSON values (2, 'NEIN', 5);
insert into PERSON values (1, 'NEIN', 6);
insert into PERSON values (2, 'GEBURTSTAGSKIND', 6);
insert into PERSON values (1, 'NEIN', 7);
insert into PERSON values (2, 'GEBURTSTAGSKIND', 7);
insert into PERSON values (3, 'NEIN', 7);
insert into PERSON values (4, 'NEIN', 7);
insert into PERSON values (5, 'NEIN', 7);
insert into PERSON values (6, 'NEIN', 7);
insert into PERSON values (7, 'NEIN', 7);
insert into PERSON values (8, 'NEIN', 7);
insert into PERSON values (9, 'NEIN', 7);
insert into PERSON values (10, 'NEIN', 7);
insert into PERSON values (11, 'NEIN', 7);
insert into PERSON values (1, 'NEIN', 8);
insert into PERSON values (2, 'NEIN', 8);
insert into PERSON values (3, 'NEIN', 8);
insert into PERSON values (4, 'NEIN', 8);
insert into PERSON values (5, 'NEIN', 8);
insert into PERSON values (6, 'NEIN', 8);
insert into PERSON values (7, 'NEIN', 8);
insert into PERSON values (8, 'GEBURTSTAGSKIND', 8);
insert into PERSON values (9, 'NEIN', 8);

-- Abrechnungen
insert into ABRECHNUNG values (1, 0, 0, '2020-02-14', 1, 1);
insert into ABRECHNUNG values (2, 0, 0, '2020-02-15', 1, 2);
insert into ABRECHNUNG values (3, 0, 0, '2020-02-16', 2, 2);
insert into ABRECHNUNG values (4, 0, 0, '2020-02-17', 3, 3);
insert into ABRECHNUNG values (5, 0, 0, '2020-02-18', 1, 4);
insert into ABRECHNUNG values (6, 0, 0, '2020-02-19', 1, 5);
insert into ABRECHNUNG values (7, 0, 0, '2020-02-20', 2, 5);
insert into ABRECHNUNG values (9, 0, 0, '2020-02-21', 3, 7);
insert into ABRECHNUNG values (10, 0, 0, '2020-02-22', 1, 8);
insert into ABRECHNUNG values (12, 0, 0, '2020-02-24', 2, 1);
insert into ABRECHNUNG values (13, 0, 0, '2020-02-25', 2, 4);
insert into ABRECHNUNG values (14, 0, 0, '2020-02-26', 2, 5);


-- Bestellungen
insert into BESTELLUNG values (1, 0.0, 0, 1, '2020-02-13', 1, 'Käsespätzle', 1, 1);
insert into BESTELLUNG values (2, 0.0, 0, 1, '2020-02-13', 1, 'Käsespätzle', 2, 1);
insert into BESTELLUNG values (3, 0.0, 0, 1, '2020-02-13', 9, 'Käsespätzle', 8, 7);
insert into BESTELLUNG values (4, 0.0, 1, 1, '2020-02-13', 9, 'Käsespätzle', 9, 7);
insert into BESTELLUNG values (5, 0.0, 0, 1, '2020-02-13', 9, 'Flädlessuppe', 1, 7);
insert into BESTELLUNG values (6, 0.0, 0, 1, '2020-02-13', 3, 'Flädlessuppe', 1, 2);
insert into BESTELLUNG values (7, 0.0, 0, 1, '2020-02-13', 3, 'Flädlessuppe', 2, 2);
insert into BESTELLUNG values (8, 0.0, 0, 1, '2020-02-13', 9, 'Sprudel', 2, 7);
insert into BESTELLUNG values (9, 0.0, 0, 1, '2020-02-13', 9, 'Sprudel', 3, 7);
insert into BESTELLUNG values (10, 0.0, 0, 1, '2020-02-13', 4, 'Sprudel', 1, 3);
insert into BESTELLUNG values (11, 0.0, 0, 1, '2020-02-13', 4, 'Sprudel', 2, 3);
insert into BESTELLUNG values (12, 0.0, 0, 1, '2020-02-13', 6, 'Sprudel', 1, 5);
insert into BESTELLUNG values (13, 0.0, 1, 1, '2020-02-13', 9, 'Schweinemedaillons mit Kroketten in Rahmsoße', 1, 1);
insert into BESTELLUNG values (14, 0.0, 0, 1, '2020-02-13', 6, 'Schweinemedaillons mit Kroketten in Rahmsoße', 1, 5);
insert into BESTELLUNG values (15, 0.0, 0, 1, '2020-02-13', 1, 'Schweinemedaillons mit Kroketten in Rahmsoße', 1, 1);
insert into BESTELLUNG values (16, 0.0, 0, 1, '2020-02-13', 9, 'Fleischküchle mit Kartoffelsalat', 4, 7);
insert into BESTELLUNG values (17, 0.0, 1, 1, '2020-02-13', 4, 'Fleischküchle mit Kartoffelsalat', 2, 3);
insert into BESTELLUNG values (18, 0.0, 0, 1, '2020-02-13', 4, 'Fleischküchle mit Kartoffelsalat', 3, 3);
insert into BESTELLUNG values (19, 0.0, 0, 1, '2020-02-13', 12, 'Fleischküchle mit Kartoffelsalat', 2, 1);
insert into BESTELLUNG values (20, 0.0, 0, 1, '2020-02-13', 9, 'ofengegarte Austern', 5, 7);
insert into BESTELLUNG values (21, 0.0, 0, 1, '2020-02-13', 1, 'ofengegarte Austern', 3, 1);
insert into BESTELLUNG values (22, 0.0, 0, 1, '2020-02-13', 5, 'Geißburger Marsch dazu Spätzle', 1, 4);
insert into BESTELLUNG values (23, 0.0, 0, 1, '2020-02-13', 1, 'Geißburger Marsch dazu Spätzle', 1, 1);
insert into BESTELLUNG values (24, 0.0, 0, 1, '2020-02-13', 13, 'Geißburger Marsch dazu Spätzle', 2, 4);
insert into BESTELLUNG values (25, 0.0, 0, 1, '2020-02-13', 5, 'Kürbiscremesuppe', 1, 4);
insert into BESTELLUNG values (26, 0.0, 0, 1, '2020-02-13', 5, 'Kürbiscremesuppe', 2, 4);
insert into BESTELLUNG values (27, 0.0, 0, 1, '2020-02-13', 6, 'Kürbiscremesuppe', 1, 5);
insert into BESTELLUNG values (28, 0.0, 1, 1, '2020-02-13', 7, 'Kürbiscremesuppe', 2, 5);
insert into BESTELLUNG values (29, 0.0, 0, 1, '2020-02-13', 1, 'Kürbiscremesuppe', 1, 1);
insert into BESTELLUNG values (30, 0.0, 0, 1, '2020-02-13', 5, 'Antipasti-Platte', 1, 4);
insert into BESTELLUNG values (31, 0.0, 0, 1, '2020-02-13', 10, 'Antipasti-Platte', 5, 8);
insert into BESTELLUNG values (32, 0.0, 0, 1, '2020-02-13', 1, 'Antipasti-Platte', 1, 1);
insert into BESTELLUNG values (33, 0.0, 0, 1, '2020-02-13', 9, 'Tomatensuppe', 11, 7);
insert into BESTELLUNG values (34, 0.0, 0, 1, '2020-02-13', 13, 'Tomatensuppe', 2, 4);
insert into BESTELLUNG values (35, 0.0, 0, 1, '2020-02-13', 14, 'Tomatensuppe', 1, 5);
insert into BESTELLUNG values (36, 0.0, 1, 1, '2020-02-13', 5, 'Zwiebelrostbraten mit Spätzle', 3, 4);
insert into BESTELLUNG values (37, 0.0, 1, 1, '2020-02-13', 5, 'Zwiebelrostbraten mit Spätzle', 4, 4);
insert into BESTELLUNG values (38, 0.0, 1, 1, '2020-02-13', 10, 'Zwiebelrostbraten mit Spätzle', 1, 8);
insert into BESTELLUNG values (39, 0.0, 0, 1, '2020-02-13', 9, 'Zwiebelrostbraten mit Spätzle', 11, 7);
insert into BESTELLUNG values (40, 0.0, 0, 1, '2020-02-13', 1, 'Zwiebelrostbraten mit Spätzle', 1, 1);
insert into BESTELLUNG values (41, 0.0, 0, 1, '2020-02-13', 12, 'Chili con carne mit ofenfrischem Baguette', 1, 1);
insert into BESTELLUNG values (42, 0.0, 0, 1, '2020-02-13', 9, 'Chili con carne mit ofenfrischem Baguette', 3, 7);
insert into BESTELLUNG values (43, 0.0, 0, 1, '2020-02-13', 9, 'grünes Thai-Curry mit Reis und Gemüse', 8, 7);
insert into BESTELLUNG values (44, 0.0, 0, 1, '2020-02-13', 10, 'grünes Thai-Curry mit Reis und Gemüse', 3, 8);
insert into BESTELLUNG values (45, 0.0, 0, 1, '2020-02-13', 10, 'grünes Thai-Curry mit Reis und Gemüse', 4, 8);
insert into BESTELLUNG values (46, 0.0, 1, 1, '2020-02-13', 10, 'Gratinierte Spargelpfannkuchen', 7, 8);
insert into BESTELLUNG values (47, 0.0, 0, 1, '2020-02-13', 2, 'Gratinierte Spargelpfannkuchen', 3, 1);
insert into BESTELLUNG values (48, 0.0, 0, 1, '2020-02-13', 2, 'Gratinierte Spargelpfannkuchen', 4, 1);
-- Nicht abgerechnet
insert into BESTELLUNG values (49, 0.0, 0, 0, '2020-02-13', null, 'Zimtapfelküchle', 1, 1);
insert into BESTELLUNG values (50, 0.0, 0, 0, '2020-02-13', null, 'Sprudel', 1, 1);
insert into BESTELLUNG values (51, 0.0, 0, 0, '2020-02-13', null, 'Zwiebelrostbraten mit Spätzle', 2, 2);
insert into BESTELLUNG values (52, 0.0, 0, 0, '2020-02-13', null, 'Rotwein', 1, 4);
insert into BESTELLUNG values (53, 0.0, 0, 0, '2020-02-13', null, 'Bier', 2, 1);
insert into BESTELLUNG values (54, 0.0, 0, 0, '2020-02-13', null, 'Sprudel', 2, 4);
insert into BESTELLUNG values (55, 0.0, 0, 0, '2020-02-13', null, 'Rindergulasch dazu Semmelknödel und Rotkraut', 2, 1);
insert into BESTELLUNG values (56, 0.0, 0, 0, '2020-02-13', null, 'Chili con carne mit ofenfrischem Baguette', 2, 7);
insert into BESTELLUNG values (57, 0.0, 0, 0, '2020-02-13', null, 'Antipasti-Platte', 1, 7);
insert into BESTELLUNG values (58, 0.0, 0, 0, '2020-02-13', null, 'Sprudel', 1, 6);
insert into BESTELLUNG values (59, 0.0, 0, 1, '2020-02-13', null, 'Kürbiscremesuppe', 2, 5);
insert into BESTELLUNG values (60, 0.0, 0, 1, '2020-02-13', null, 'Käsespätzle', 1, 4);
insert into BESTELLUNG values (61, 0.0, 1, 1, '2020-02-13', null, 'Weißwein', 3, 8);
insert into BESTELLUNG values (62, 0.0, 0, 1, '2020-02-13', null, 'Bier', 2, 8);

-- Manipulationsfunktionen

-- Alle Einkaufspreis-Daten würfeln
create or replace procedure shuffleEinkaufspreisDates
    is
begin
    for ein in (select * from EINKAUFSPREIS)
        loop
            update EINKAUFSPREIS e
            set DATUM = (
                SELECT TO_DATE('2019-01-01 00:00:00', 'YYYY-MM-DD HH24:MI:SS') +
                       DBMS_RANDOM.VALUE(0, TO_DATE('2019-09-30 23:59:59', 'YYYY-MM-DD HH24:MI:SS') -
                                            TO_DATE('2019-01-01 00:00:00', 'YYYY-MM-DD HH24:MI:SS'))
                FROM dual
            )
            where ein.PREIS = e.PREIS and ein.FK_LEBENSMITTEL_NAME = e.FK_LEBENSMITTEL_NAME;
        end loop;
end;
/

call shuffleEinkaufspreisDates();

-- Alle Kalkulations-Daten würfeln
create or replace procedure shuffleKalkulationDates
    is
begin
    for kal in (select * from KALKULATION)
        loop
            update KALKULATION k
            set DATUM = (
                SELECT TO_DATE('2019-01-01 00:00:00', 'YYYY-MM-DD HH24:MI:SS') +
                       DBMS_RANDOM.VALUE(0, TO_DATE('2019-09-30 23:59:59', 'YYYY-MM-DD HH24:MI:SS') -
                                            TO_DATE('2019-01-01 00:00:00', 'YYYY-MM-DD HH24:MI:SS'))
                FROM dual
            )
            where kal.GEWINNMARGE = k.GEWINNMARGE and kal.KOSTENMARGE = k.KOSTENMARGE and kal.FK_GERICHT_NAME = k.FK_GERICHT_NAME;
        end loop;
end;
/

call shuffleKalkulationDates();

-- Alle Tisch-Daten würfeln
create or replace procedure shuffleTischZBDates
    is
begin
    for tis in (select * from TISCH)
        loop
            update TISCH t
            set ZULETZTBETREUT = (
                SELECT TO_DATE('2020-07-10 20:00:00', 'YYYY-MM-DD HH24:MI:SS') +
                       DBMS_RANDOM.VALUE(0, TO_DATE('2020-07-10 22:00:00', 'YYYY-MM-DD HH24:MI:SS') -
                                            TO_DATE('2020-07-10 20:00:00', 'YYYY-MM-DD HH24:MI:SS'))
                FROM dual
            )
            where tis.NUMMER = t.NUMMER;
        end loop;
end;
/

call shuffleTischZBDates();

-- Alle Abrechnungs-Daten würfeln
create or replace procedure shuffleAbrechnungDates
    is
    summeBestellungen number;
    trinkgeld number;
    betrag number;
begin
    for abr in (select * from ABRECHNUNG)
        loop
            select sum(K.VERKAUFSPREIS)
            into summeBestellungen
            from BESTELLUNG B
                     join GERICHT G on G.NAME = B.FK_GERICHT_NAME
                     join AKTUELLSTEKALKULATIONEN K on K.FK_GERICHT_NAME = G.NAME
            where B.FK_ABRECHNUNG_RECHNUNGSNR = abr.RECHNUNGSNR
--               AND
--                     K.DATUM <= abr.DATUM and abr.DATUM - K.DATUM < ANY (
--                 select abr.DATUM - K2.DATUM
--                 from KALKULATION K2
--                 where K2.DATUM != K.DATUM and K2.FK_GERICHT_NAME != K.FK_GERICHT_NAME -- Nicht mit sich selbst vergleichen
--             )
            group by B.FK_ABRECHNUNG_RECHNUNGSNR;

            select DBMS_RANDOM.VALUE(0, 20)
            into trinkgeld
            from dual;

            betrag := ROUND(summeBestellungen + trinkgeld, 0);

            update ABRECHNUNG a
            set
                DATUM = (
                    SELECT TO_DATE('2019-10-01 00:00:00', 'YYYY-MM-DD HH24:MI:SS') +
                           DBMS_RANDOM.VALUE(0, TO_DATE('2020-07-10 23:59:59', 'YYYY-MM-DD HH24:MI:SS') -
                                                TO_DATE('2019-10-01 00:00:00', 'YYYY-MM-DD HH24:MI:SS'))
                    FROM dual
                ),
                ABRECHUNGSSUMME = summeBestellungen,
                BEZAHLBETRAG = betrag
            where RECHNUNGSNR = abr.RECHNUNGSNR;
        end loop;
end;
/

call shuffleAbrechnungDates();

-- Alle Bestellungs-Daten würfeln
create or replace procedure shuffleBestellungDates
    is
    abrechnungsDatum timestamp;
begin
    for bes in (select * from BESTELLUNG)
        loop
            -- Bestellung muss jünger als Abrechnungsdatum sein (innerhalb 4h davor)
            select DATUM
            into abrechnungsDatum
            from ABRECHNUNG A
            where A.RECHNUNGSNR = bes.FK_ABRECHNUNG_RECHNUNGSNR;

            update BESTELLUNG B
            set AUFGEGEBEN = (
                SELECT abrechnungsDatum +
                       DBMS_RANDOM.VALUE(0, CAST(abrechnungsDatum - NUMTODSINTERVAL(4, 'HOUR') AS DATE) -
                                            CAST(abrechnungsDatum AS DATE))
                FROM dual
            )
            where bes.BESTELLNR = b.BESTELLNR;
        end loop;
end;
/

call shuffleBestellungDates();
